"Proveedor","Estatus","Categoría","Subcategoria","Codigo","Descripcion","Udm","Metraje","Precio sistema","Precio regular","Descuento","Precio Remate","Comentarios"
"Castel","Descontinuado","Pisos","Pisos Castel","CAS2227","PISO AMANI GREY PULIDO 60X120 CAJA 1.44M2","M2",1.44," $984.43 "," $683.63 ",56.26%," $299.00 ",
"Castel","Descontinuado","Pisos","Pisos Castel","CAS100261","PISO GEORGIA ACQUA 80X160 2.56M2","M2",2.56," $2,586.43 "," $1,010.32 ",43.68%," $569.00 ",
"Castel","Descontinuado","Pisos","Pisos Castel","CAS100268","PISO OASIS BLANCO 120X120 2.88M2","M2",2.88," $2,962.00 "," $1,028.47 ",47.59%," $539.00 ",
"Castel","Descontinuado","Pisos","Pisos Castel","CAS21","PISO PORCELANICO REC IMPERIA NEGRO 60X60 1.44 M2 CAJA","M2",1.44," $1,099.00 "," $763.19 ",41.17%," $449.00 ",
"Castel","Descontinuado","Pisos","Pisos Castel","CAS14","PISO PORCELANICO REC TOSCANA 60X60 1.44 M2 CAJA ","M2",1.44," $876.00 "," $608.33 ",47.56%," $319.00 ",
"Castel","Descontinuado","Pisos","Pisos Castel","CAS08","PISO PORCELANICO REC BAVENO 60X60 1.44M2 CAJA","M2",1.44," $682.00 "," $473.61 ",55.87%," $209.00 ",
"Castel","Descontinuado","Pisos","Pisos Castel","CAS999993","PISO BUSAN PULIDO WHITE 60X120 1.44","M2",1.44," $984.43 "," $683.63 ",53.34%," $319.00 ",
"Castel","Descontinuado","Pisos","Pisos Castel","CAS100193","PISOS ECLIPSE NEGRO VP 60X120 1.44M2","M2",1.44," $489.00 "," $339.58 ",11.95%," $299.00 ",
"Castel","Descontinuado","Pisos","Pisos Castel","CAS100234","PISO BELLAGIO NEGRO 60X60 1.44M2","M2",1.44," $1,022.18 "," $709.85 ",52.24%," $339.00 ",
"Hydromagic","Descontinuado","Tinas","Tinas Hydromagic","HYDRO8","TINA DE  HIDROMASAJE PADUA I STATUS 1.20X.75.36 ","Pieza",1," $32,269.90 "," $32,269.90 ",25.63%," $23,999.00 ",
"Quarella&Decor","Descontinuado","Ceramica","Lavabos y Ovalines","QD052","OVALIN QUARELLA TIMOR 500X390X130 MM","Pieza",1," $2,468.00 "," $2,468.00 ",79.78%," $499.00 ",
"Quarella&Decor","Descontinuado","Ceramica","Lavabos y Ovalines","QD057","OVALIN QUARELLA GUINEA 405X405X145 MM","Pieza",1," $3,677.00 "," $3,677.00 ",86.43%," $499.00 ",
"Quarella&Decor","Descontinuado","Ceramica","Lavabos y Ovalines","QD059","OVALIN QUARELLA MUNA NEGRO 380X380X135 MM","Pieza",1," $3,011.00 "," $3,011.00 ",86.75%," $399.00 ",
"Quarella&Decor","Descontinuado","Ceramica","Lavabos y Ovalines","QD044","OVALIN QUARELLA  ARUBA 500X405X120MM","Pieza",1," $3,676.00 "," $3,676.00 ",83.71%," $599.00 ",
"Quarella&Decor","Descontinuado","Ceramica","Lavabos y Ovalines","QD055","OVALIN QUARELLA JAVA PLATA 360X360X125 MM","Pieza",1," $3,325.00 "," $3,325.00 ",88.00%," $399.00 ",
"Quarella&Decor","Descontinuado","Ceramica","Lavabos y Ovalines","QD054","OVALIN QUARELLA ANTILLAS 500X355X110 MM","Pieza",1," $3,223.00 "," $3,223.00 ",84.52%," $499.00 ",
"Quarella&Decor","Descontinuado","Ceramica","Lavabos y Ovalines","QD053","OVALIN QUARELLA SAMOA ORO 360X360X125MM","Pieza",1," $3,325.00 "," $3,325.00 ",84.99%," $499.00 ",
"Quarella&Decor","Descontinuado","Ceramica","Lavabos y Ovalines","QD072","OVALIN QUARELLA TASOS ORO 450X320X135","Pieza",1," $3,849.00 "," $3,849.00 ",89.63%," $399.00 ",
"Renujal","Descontinuado","Pisos ","Pisos Renujal ","CAS770","VOSS 66 GRAY 60X60 5PZ 1.80M2","Pieza",1.8," $556.00 "," $308.89 ",42.05%," $179.00 ",
"Renujal","Descontinuado","Pisos ","Pisos Renujal ","CAS100105","PISO CITY 66 IVORY 60X60 5PZ 1.80M2","Pieza",1.8," $509.00 "," $282.78 ",33.16%," $189.00 ",
"Renujal","Descontinuado","Pisos ","Pisos Renujal ","CAS10099","PISO CITY 66 OXFORD 60X60 5PZ 1.80M2","M2",1.8," $529.00 "," $293.89 ",32.29%," $199.00 ",
"Renujal","Descontinuado","Pisos ","Pisos Renujal ","CAS2001","PISO E-DIVA 44 BEIGE 47X47 9PZ 1.99M2","M2",1.99," $379.00 "," $190.45 ",37.52%," $119.00 ",
"Renujal","Descontinuado","Pisos ","Pisos Renujal ","CAS100106","PISO DOMINIQUE 26 WHITE MATE 22.5X60 1.89M2","M2",1.89," $529.00 "," $279.89 ",46.77%," $149.00 ",
"Renujal","Descontinuado","Pisos ","Pisos Renujal ","CAS9403","PISO CANTABRIA 32 BEIGE 30X120 1.76M2 REC","M2",1.76," $599.00 "," $340.34 ",35.65%," $219.00 ",
"Renujal","Descontinuado","Pisos ","Pisos Renujal ","CAS9406","PISO RECT COUVET 22 SILVER 20X120 1.83M2","M2",1.83," $629.00 "," $343.72 ",30.47%," $239.00 ",
"Renujal","Descontinuado","Pisos ","Pisos Renujal ","CAS9404","PISO REC COUVET 22 ALMOND 20X120 1.83M2","M2",1.83," $629.00 "," $343.72 ",30.47%," $239.00 ",
"Renujal","Descontinuado","Pisos ","Pisos Renujal ","CAS9405","PISO RECT COUVET 22 GOLD 20X120 1.83M2","M2",1.83," $629.00 "," $343.72 ",30.47%," $239.00 ",
"Renujal","Descontinuado","Pisos ","Pisos Renujal ","CAS4523","VOSS 66 IVORY 60X60 5PZ 1.80M2 CALIDAD COMERCIAL ","M2",1.8," $425.00 "," $236.11 ",41.13%," $139.00 ",
"Renujal","Descontinuado","Pisos ","Pisos Renujal ","CAS94017","PISO YUNN 32 MOKA 30X120 1.76M2","M2",1.76," $629.00 "," $357.39 ",33.13%," $239.00 ",
"Castel","Descontinuado","Ceramica Castel","Kit Constanza","CAS7485","KIT CONSTANZA PRO (LV CONSTANZA PRO+MONOM ALTO DAMASCO B)","PIEZA",1," $1,569.00 "," $1,569.00 ",10.83%," $1,399.00 ",
"Castel","Descontinuado","Ceramica Castel","Sanitario ","CAS7514","WC NEMESIS PRO","PIEZA",1," $4,065.00 "," $4,065.00 ",36.06%," $2,599.00 ",
"Castel","Descontinuado","Griferia ","Griferia","CAS462","MONOMANDO LAVABO BAJO OLIMPIA 6801V","PIEZA",1," $594.11 "," $594.11 ",24.42%," $449.00 ",
"Greda","Descontinuado","Perfiles","Perfiles Greda","GRE160","LISTELO ALUM. PLATA BRILLO 10X12MM","PIEZA",1," $196.34 "," $196.34 ",49.58%," $99.00 ",
"Greda","Descontinuado","Perfiles","Perfiles Greda","GRE138","LISTELO ALUM. 10X25 PLATA BRILLO","PIEZA",1," $185.87 "," $185.87 ",41.36%," $109.00 ",
"Greda","Descontinuado","Perfiles","Perfiles Greda","GRE166","PELDAÑO ALUMINIO INT. 20MM PLATA","PIEZA",1," $236.33 "," $236.33 ",53.88%," $109.00 ",
"Greda","Descontinuado","Perfiles","Perfiles Greda","GRE164","PERFIL DE ALUMINIO (T) A20 PLATA BRILLO 10MLX2.44M","PIEZA",1," $143.25 "," $143.25 ",23.91%," $109.00 ",
"Greda","Descontinuado","Perfiles","Perfiles Greda","GRE50","PERFIL DE ALUMINIO GOLD MATT 2.44X10","PIEZA",1," $143.25 "," $143.25 ",32.98%," $96.00 ",
"Greda","Descontinuado","Perfiles","Perfiles Greda","GRE02","PERFIL DE ALUMINIO BRONZE POLISHED 2.44X10ML","PIEZA",1," $143.25 "," $143.25 ",32.98%," $96.00 ",
"Greda","Descontinuado","Perfiles","Perfiles Greda","GRE49","PERFIL DE ALUMINIO GOLD POLISHED 2.44X10","PIEZA",1," $143.25 "," $143.25 ",32.98%," $96.00 ",
"Greda","Descontinuado","Perfiles","Perfiles Greda","GRE53","PERFIL DE ALUMINIO CHAMPAGNE MATT 2.44X10","PIEZA",1," $143.25 "," $143.25 ",32.98%," $96.00 ",
"Greda","Descontinuado","Perfiles","Perfiles Greda","GRE162","PERFIL DE ALUMINIO MARFIL 10.5MM","PIEZA",1," $143.25 "," $143.25 ",32.98%," $96.00 ",
"Greda","Descontinuado","Perfiles","Perfiles Greda","GRE218","PERFIL ALUMINIO COFFEE MATE 10 MM X 2.44 M","PIEZA",1," $143.25 "," $143.25 ",32.98%," $96.00 ",
"Greda","Descontinuado","Perfiles","Perfiles Greda","GRE51","PERFIL DE ALUMINIO BRONZE MATT 2.44X10","PIEZA",1," $143.25 "," $143.25 ",32.98%," $96.00 ",
"Greda","Descontinuado","Perfiles","Perfiles Greda","GRE21800","PERFIL ALUMINIO ROSE GOLD MATE 10MM X 2.44M","PIEZA",1," $143.25 "," $143.25 ",32.98%," $96.00 ",
"Greda","Descontinuado","Perfiles","Perfiles Greda","GRE159","LISTELO ALUM. BRONCE BRILLO 10X12MM","PIEZA",1," $196.34 "," $196.34 ",39.39%," $119.00 ",
"Greda","Descontinuado","Perfiles","Perfiles Greda","GRE167","PELDAÑO ALUMINIO INT. 20MM BRONCE","PIEZA",1," $236.33 "," $236.33 ",15.80%," $199.00 ",
"Greda","Descontinuado","Perfiles","Perfiles Greda","GRE165","PERFIL DE ALUMINIO (T) A20 BRONCE BRILLO 10MLX2.44M","PIEZA",1," $143.25 "," $143.25 ",32.98%," $96.00 ",
"Greda","Descontinuado","Perfiles","Perfiles Greda","GRE183","PERFIL DE ALUMINIO ROSE GOLD 10 MM X 2.44 M","PIEZA",1," $143.25 "," $143.25 ",44.85%," $79.00 ",
"Greda","Descontinuado","Perfiles","Perfiles Greda","GRE52","PERFIL DE ALUMINIO CHAMPAGNE POLISHED 2.44X10","PIEZA",1," $143.25 "," $143.25 ",44.85%," $79.00 ",
"Greda","Descontinuado","Perfiles","Perfiles Greda","GRE137","LISTELO ALUM 10X25 MM. BRONCE BRILLO","PIEZA",1," $185.87 "," $185.87 ",30.60%," $129.00 ",
"Greda","Descontinuado","Perfiles","Perfiles Greda","GRE163","PERFIL DE ALUMINIO MARRON 10.5MM","PIEZA",1," $99.32 "," $99.32 ",20.46%," $79.00 ",
"Greda","Descontinuado","Perfiles","Perfiles Greda","GRE154","PERFIL DE ALUMINIO 10X12 MM  PLATA BRILLO","PIEZA",1," $196.34 "," $196.34 ",59.76%," $79.00 ",
"Greda","Descontinuado","Perfiles","Perfiles Greda","GRE158","ZOCLO DE ALUMINO COLOR BRONCE 7CM X 2.44M","PIEZA",1," $396.00 "," $396.00 ",80.05%," $79.00 ",
"Greda","Descontinuado","Perfiles","Perfiles Greda","GRE155","ZOCLO DE ALUMINO COLOR PLATA 7CM X 2.44M","PIEZA",1," $396.00 "," $396.00 ",80.05%," $79.00 ",
"Greda","Descontinuado","Perfiles","Perfiles Greda","GRE181","PERFIL ALUMINIO OLIVE MATE 10 MM X 2.44 M PZA","PIEZA",1," $89.00 "," $89.00 ",11.24%," $79.00 ",
"Greda","Descontinuado","Mallas","Mallas greda","GRE128","MALLA IBERIA BEIGE 30X30","PIEZA",1," $244.08 "," $244.08 ",59.44%," $99.00 ",
"Greda","Descontinuado","Mallas","Mallas greda","GRE177","MALLA CAIRO 30X30 PZA","PIEZA",1," $283.92 "," $283.92 ",65.13%," $99.00 ",
"Greda","Descontinuado","Mallas","Mallas greda","GRE132","MALLA LATITUDE CAFE 30X30","PIEZA",1," $187.07 "," $187.07 ",47.08%," $99.00 ",
"Greda","Descontinuado","Mallas","Mallas greda","GRE171","MALLA FARAON 30X30 PZA","PIEZA",1," $369.00 "," $369.00 ",73.17%," $99.00 ",
"Greda","Descontinuado","Mallas","Mallas greda","GRE151","MOSAICO 30X30 VINTAGE GOLD","PIEZA",1," $260.04 "," $260.04 ",61.93%," $99.00 ",
"Greda","Descontinuado","Mallas","Mallas greda","GRE24","MOSAICO ELEGANCE BEIGE 24X24 CM","PIEZA",1," $224.25 "," $224.25 ",55.85%," $99.00 ",
"Greda","Descontinuado","Mallas","Fachada","GRE217","NOVO FACHADA GALARZA CAMEL 40X60 PZA","PIEZA",1," $219.00 "," $219.00 ",27.40%," $159.00 ",
"Greda","Descontinuado","Mallas","Fachada","GRE210","NOVO FACHADA LAJA PERLA 15X60 CM  PIEZA","PIEZA",1," $89.00 "," $89.00 ",0.00%," $89.00 ",
"Greda","Descontinuado","Mallas","Fachada","GRE214","NOVO FACHADA LAJA AZURE 15X60 PZA-DESCONTINUADA","PIEZA",1," $169.00 "," $169.00 ",23.67%," $129.00 ",
"Greda","Descontinuado","Mallas","Mallas greda","GRE254","MOSAICO VALENCIA BEIGE 30X30 CM","PIEZA",1," $147.55 "," $147.55 ",12.57%," $129.00 ",
"Greda","Descontinuado","Mallas","Mallas greda","GRE22","MOSAICO CHES METAL 30X30 CM","PIEZA",1," $276.85 "," $276.85 ",53.40%," $129.00 ",
"Greda","Descontinuado","Mallas","Fachada","GRE216","NOVO FACHADA LAJA VOLCANICA 15X60 PZA","PIEZA",1," $107.35 "," $107.35 ",17.09%," $89.00 ",
"Greda","Descontinuado","Mallas","Mallas greda","GRE45","MOSAICO GREEN NATURAL T-2 30X30 CM","PIEZA",1," $107.35 "," $107.35 ",17.09%," $89.00 ",
"Greda","Descontinuado","Mallas","Mallas greda","GRE257","MOSAICO LISBOA MARRON 30X30 CM","PIEZA",1," $184.44 "," $184.44 ",51.75%," $89.00 ",
"Greda","Descontinuado","Mallas","Mallas greda","GRE44","MOSAICO BLUE DREAM T-3 30X30 CM","PIEZA",1," $119.00 "," $119.00 ",25.21%," $89.00 ",
"Greda","Descontinuado","Mallas","Mallas greda","GRE174","MALLA CARRARA MOSA 30X30 PZA","PIEZA",1," $202.48 "," $202.48 ",56.05%," $89.00 ",
"Greda","Descontinuado","Mallas","Mallas greda","GRE136","MALLA GALAXI DARK 30X30","PIEZA",1," $330.91 "," $330.91 ",73.10%," $89.00 ",
"Greda","Descontinuado","Mallas","Mallas greda","GRE173","MALLA RAMSES 30X30 PZA","PIEZA",1," $323.52 "," $323.52 ",72.49%," $89.00 ",
"Greda","Descontinuado","Mallas","Mallas greda","GRE179","MALLA BRILLO BLUE DREAM 30X30 PZA GREDA","PIEZA",1," $125.45 "," $125.45 ",29.06%," $89.00 ",
"Greda","Descontinuado","Mallas","Mallas greda","GRE129","MALLA LATITUDE BEIGE 30X30","PIEZA",1," $187.07 "," $187.07 ",47.08%," $99.00 ",
"Greda","Descontinuado","Mallas","Mallas greda","GRE144","MALLA LATITUDE INOX 30X30","PIEZA",1," $224.40 "," $224.40 ",55.88%," $99.00 ",
"Greda","Descontinuado","Mallas","Mallas greda","GRE133","MALLA ARGENTA SILVER 30X30","PIEZA",1," $199.00 "," $199.00 ",50.25%," $99.00 ",
"Greda","Descontinuado","Mallas","Fachada","GRE212","NOVO FACHADA PIEDRIN OXFORD 15X60 CM PIEZA","PIEZA",1," $89.00 "," $89.00 ",0.00%," $89.00 ",
"Greda","Descontinuado","Mallas","Mallas greda","GRE153","MALLA ITALIA BEIGE 30X30","PIEZA",1," $198.07 "," $198.07 ",50.02%," $99.00 ",
"Greda","Descontinuado","Mallas","Mallas greda","GRE131","MALLA BLACK AND WHITE 30X30","PIEZA",1," $125.45 "," $125.45 ",21.08%," $99.00 ",
"Greda","Descontinuado","Mallas","Mallas greda","GRE145","MALLA COSMOS SILVER 30X30","PIEZA",1," $224.49 "," $224.49 ",55.90%," $99.00 ",
"Greda","Descontinuado","Mallas","Mallas greda","GRE175","MALLA MARFIL MOSA 30X30 PZA","PIEZA",1," $202.48 "," $202.48 ",51.11%," $99.00 ",
"Greda","Descontinuado","Mallas","Mallas greda","GRE130","MALLA BRILLO BEIGE MOKA 30X30","PIEZA",1," $125.40 "," $125.40 ",21.05%," $99.00 ",
"Greda","Descontinuado","Mallas","Mallas greda","GRE146","MALLA NILO SILVER  30X30","PIEZA",1," $198.07 "," $198.07 ",50.02%," $99.00 ",
"Greda","Descontinuado","Mallas","Mallas greda","GRE127","MALLA ARGENTA BEIGE 30X30","PIEZA",1," $199.00 "," $199.00 ",50.25%," $99.00 ",
"Greda","Descontinuado","Mallas","Mallas greda","GRE127","MALLA ARGENTA BEIGE 30X30","PIEZA",1," $199.00 "," $199.00 ",50.25%," $99.00 ",
"Greda","Descontinuado","Mallas","Mallas greda","GRE143","MALLA LISBOA BEIGE 30X30","PIEZA",1," $224.49 "," $224.49 ",55.90%," $99.00 ",
"Greda","Descontinuado","Mallas","Mallas greda","GRE119","MOSAICO 30X30 SPACE BLACK","PIEZA",1," $260.04 "," $260.04 ",61.93%," $99.00 ",
"Greda","Descontinuado","Mallas","Mallas greda","GRE152","MALLA ATLANTIC BLUE 30X30","PIEZA",1," $224.49 "," $224.49 ",55.90%," $99.00 ",
"Greda","Descontinuado","Mallas","Mallas greda","GRE150","MOSAICO 30X30 PARIS GOLD","PIEZA",1," $260.40 "," $260.40 ",61.98%," $99.00 ",
"Greda","Descontinuado","Mallas","Mallas greda","GRE134","MALLA BRASIL BEIGE 30X30","PIEZA",1," $198.07 "," $198.07 ",50.02%," $99.00 ",
"Machen ","Descontinuado","Muebles Machen ","Muebles Machen ","MCZAFIRO","MUEBLE CABINET ZAFIRO (ESPEJO LED)","PIEZA",1," $11,799.00 "," $11,799.00 ",52.55%," $5,599.00 ",
"Machen ","Descontinuado","Muebles Machen ","Muebles Machen ","MCCUARZO","MUEBLE CABINET CUARZO","PIEZA",1," $10,279.00 "," $10,279.00 ",35.80%," $6,599.00 ",
"Machen ","Descontinuado","Muebles Machen ","Muebles Machen ","MCJASPE","MUEBLE CABINET JASPE","PIEZA",1," $7,769.00 "," $7,769.00 ",44.02%," $4,349.00 ",
"Castel","Descontinuado","Muebles Castel","Muebles Castel","CAS542","MUEBLE DE BAÑO ALMERIA 100 1000X450X500","PIEZA",1," $9,738.32 "," $9,738.32 ",83.58%," $1,599.00 ",
"Castel","Descontinuado","Muebles Castel","Muebles Castel","CAS2123","MUEBLE DE BAÑO SORIA 120 ROBLE NATURAL 1200X840X450","PIEZA",1," $13,388.03 "," $13,388.03 ",88.06%," $1,599.00 ",
"Urrea","Descontinuado","Cerámica Urrea","Sanitarios","TZ2062A021","ONE PIECE BRAVO","PIEZA",," $6,546.00 "," $6,546.00 ",56.02%," $2,879.00 ",
"Urrea","Descontinuado","Cerámica Urrea","Sanitarios",52808022,"LAVABO DICA BLANCO CON MONOMANDO (LAV LV.4302.01+MON 4439)","PIEZA",," $2,756.00 "," $2,756.00 ",44.52%," $1,529.00 ",
"Fortius","Descontinuado","Lavaderos","Lavadero de Granito","DEB10","LAVADERO DE GRANITO EMPOTRABLE CON PILA 61*61CM","PIEZA",," $2,459.00 "," $2,459.00 ",55.31%," $1,099.00 ",
"Fortius","Descontinuado","Lavaderos","Lavadero de Granito","DEB11","Lavadero Granito ND sin pila para empotrar 51 * 65 cm","PIEZA",," $2,169.00 "," $2,169.00 ",35.50%," $1,399.00 ",
"Fortius","Descontinuado","Lavaderos","Lavadero de Granito","DEB12","Lavadero Granito sin pila para empotrar 60*40 CM","PIEZA",," $2,129.00 "," $2,129.00 ",20.20%," $1,699.00 ",
"Fortius","Descontinuado","Lavaderos","Lavadero de Granito","DEB8","Lavadero Granito ND Chico para empotrar 75 * 70 cm","PIEZA",," $2,699.00 "," $2,699.00 ",59.28%," $1,099.00 ",
"Harrintong","Descontinuado","Ceramica Harrintong","Lavabo","BAS-001","LAVABO DOVER RECT SP BLANCO","PIEZA",," $1,109.00 "," $1,109.00 ",45.99%," $599.00 ",
"Harrintong","Descontinuado","Ceramica Harrintong","Lavabo","BAS-002","LAVABO BODIAM RED SP BLANCO","PIEZA",," $1,389.00 "," $1,389.00 ",53.28%," $649.00 ",
"Harrintong","Descontinuado","Ceramica Harrintong","Lavabo","BAS-003","LAVABO OXFORD RECT SP BLANCO","PIEZA",," $2,309.00 "," $2,309.00 ",65.40%," $799.00 ",
"Harrintong","Descontinuado","Ceramica Harrintong","Lavabo","BAS-004","LAVABO CARDIFF RED SP BLANCO","PIEZA",," $1,939.00 "," $1,939.00 ",48.48%," $999.00 ",
"Harrintong","Descontinuado","Ceramica Harrintong","Lavabo","BAS-005","LAVABO ROCHESTER RECT SP BLANCO","PIEZA",," $2,569.00 "," $2,569.00 ",54.89%," $1,159.00 ",
"Harrintong","Descontinuado","Ceramica Harrintong","Lavabo","BAS-006","LAVABO LANCASTER RED SP BLANCO","PIEZA",," $2,029.00 "," $2,029.00 ",50.76%," $999.00 ",
"Harrintong","Descontinuado","Ceramica Harrintong","Lavabo","BAS-007","LAVABO ABADIA REDONDO SOBRE PONER","PIEZA",," $2,399.00 "," $2,399.00 ",54.19%," $1,099.00 ",
"Harrintong","Descontinuado","Ceramica Harrintong","Lavabo","BAS-008","LAVABO HEVER RED SP BLANCO","PIEZA",," $2,029.00 "," $2,029.00 ",45.84%," $1,099.00 ",
"Harrintong","Descontinuado","Ceramica Harrintong","Lavabo","BAS-009","LAVABO CARDIGAN CUADRADO DSP BLANCO","PIEZA",," $2,029.00 "," $2,029.00 ",35.98%," $1,299.00 ",
"Harrintong","Descontinuado","Ceramica Harrintong","Sanitario","TL-W001","WC ONE PIECE LONDON BLANCO","PIEZA",," $4,609.00 "," $4,609.00 ",67.48%," $1,499.00 ",
"Harrintong","Descontinuado","Ceramica Harrintong","Sanitario","TL-W002","WC ONE PIECE LIVERPOOL BLANCO","PIEZA",," $2,539.00 "," $2,539.00 ",27.18%," $1,849.00 ",
"Harrintong","Descontinuado","Ceramica Harrintong","Sanitario","TL-W002CC","WC ONE PIECE LIVERPOOL BLANCO C.C.","PIEZA",," $1,999.00 "," $1,999.00 ",50.03%," $999.00 ",
"Harrintong","Descontinuado","Ceramica Harrintong","Sanitario","TL-W003","WC ONE PIECE MANCHESTER BLANCO","PIEZA",," $4,799.00 "," $4,799.00 ",68.76%," $1,499.00 ",
"Daltile ","Descontinuado","Pisos ","Pisos Daltile","G1042448R1P7","G104 60X120 Trend Black Rectificado 1a Cal 1.44M2","M2",1.44," $926.00 "," $643.06 ",55.06%," $289.00 ",
"Daltile ","Descontinuado","Pisos ","Pisos Daltile","ZAR41836C1P7","ZAR4 45 cm x 90 cm Artesa Obscuro 1a Cal. 1.62M2","M2",1.62," $679.00 "," $419.14 ",52.52%," $199.00 ",
"Daltile ","Descontinuado","Pisos ","Pisos Daltile","GSS21224RC1P7","GSS2 30 cm x 60 cm Rect. Sandstone Gray 1a. Cal. 1.44m2","M2",1.44," $561.00 "," $389.58 ",61.75%," $149.00 ",
"Daltile ","Descontinuado","Pisos ","Pisos Daltile","ZAM61836RC1P7","ZAM6 45 cm x 90 cm Rect. Atempo Gris1a Cal 1.6M2","M2",1.6," $569.00 "," $355.63 ",21.55%," $279.00 ",
"Daltile ","Descontinuado","Pisos ","Pisos Daltile","LH0122MS1Y2","LH01 5x5 Café Lyndhurst 1a.Cal 2.19M2","M2",2.19," $1,547.00 "," $706.39 ",30.78%," $489.00 ",
"Daltile ","Descontinuado","Pisos ","Pisos Daltile","ZAW2836RD1P7","ZAW2 20 cm x 90 cm Rect Alder Wood Walnut 1a Cal 172 M2 CAJA","M2",1.72," $866.96 "," $504.05 ",36.71%," $319.00 ",
"Daltile ","Descontinuado","Pisos ","Pisos Daltile","ZK071836C1P7","ZK07 45 cm x 90 cm Kalos Gris 1a Cal 1.62M2","M2",1.62," $659.00 "," $406.79 ",33.87%," $269.00 ",
"Daltile ","Descontinuado","Pisos ","Pisos Daltile","ZAR31836C1P7","ZAR3 45 cm x 90 cm Artesa Gris 1a. Cal 1.62M2","M2",1.62," $679.00 "," $419.14 ",52.52%," $199.00 ",
"Daltile ","Descontinuado","Pisos ","Pisos Daltile","G1032424RC1P7","G103 60 cm x 60 cm Rect. Trend Dark Gray 1a. Cal. 1.8M2","M2",1.8," $629.76 "," $349.87 ",34.55%," $229.00 ",
"Daltile ","Descontinuado","Pisos ","Pisos Daltile","GSS22424C1P7","GSS2 60.5CM X 60.5CM Sandstone Gray 1a cal 1.82M2","M2",1.82," $521.00 "," $286.26 ",37.47%," $179.00 ",
"Daltile ","Descontinuado","Pisos ","Pisos Daltile","GFT21836RC1P7","GFT2 45 cm x 90 cm Rect. Finisterra Gray 1a. Cal 1.6M2","M2",1.6," $559.00 "," $349.38 ",20.14%," $279.00 ",
"Daltile ","Descontinuado","Pisos ","Pisos Daltile","ZXN11060R1P7","ZXN1 25 cm x 153 cm Rect. Xenia Greige 1a. Cal. 1.16M2","M2",1.16," $809.00 "," $697.41 ",35.62%," $449.00 ",
"Daltile ","Descontinuado","Pisos ","Pisos Daltile","EM02836D1P7","EM02 20 cm x 90 cm Emblem Brown 1a. Cal 1.81m2","M2",1.81," $649.00 "," $358.56 ",27.77%," $259.00 ",
"Daltile ","Descontinuado","Pisos ","Pisos Daltile","EM01836D1P7","EM01 20 cm x 90 cm Emblem Beige 1a. Cal 1.81m2","M2",1.81," $649.00 "," $358.56 ",27.77%," $259.00 ",
"Daltile ","Descontinuado","Pisos ","Pisos Daltile","GC511320L1P2","GC51 34 cm x 50 cm ClassicoMulticolor 1a. Cal 1.2M2","M2",1.2," $490.00 "," $408.33 ",36.57%," $259.00 ",
"Daltile ","Descontinuado","Pisos ","Pisos Daltile","ZMR52448PR1P7","ZMR5 59x118cm Rect. Marmi Cream. 1a. Cal 1.37M2","M2",1.37," $899.00 "," $656.20 ",31.58%," $449.00 ",
"Daltile ","Descontinuado","Pisos ","Pisos Daltile","ZUR41218C1P7","ZUR4 30cm x 45cm Urbania Cobalt Blue 1a. Cal 1.36M2","M2",1.36," $479.00 "," $352.21 ",34.98%," $229.00 ",
"Daltile ","Descontinuado","Pisos ","Pisos Daltile","ZA611836RC1P7","ZA61 45 cm x 90 cm. Rect. Aurora Bianco 1a. Cal 1.6M2","M2",1.6," $569.00 "," $355.63 ",35.61%," $229.00 ",
"Daltile ","Descontinuado","Pisos ","Pisos Daltile","ZC321224R1P7","ZC32 30x60 Corso Dark Gray Rect. 1a. Cal. 1.26 M2 CAJA","M2",1.26," $536.06 "," $425.44 ",39.12%," $259.00 ",
"Daltile ","Descontinuado","Pisos ","Pisos Daltile","EM02836B1P7","EM02 20x90 Emblem Brown 1a. Cal 1.45M2","M2",1.45," $499.00 "," $344.14 ",36.36%," $219.00 ",
"Daltile ","Descontinuado","Pisos ","Pisos Daltile","GSZ11836RC1P7","GSZ1 45 cm x 90 cm Rect. Spazio Crema 1a. Cal 1.6M2","M2",1.6," $559.00 "," $349.38 ",23.01%," $269.00 ",
"Daltile ","Descontinuado","Pisos ","Pisos Daltile","ZKA132641PU","ZKA1 80x160 Katania Ivory 1a. Cal. 1.28M2","M2",1.28," $1,099.00 "," $858.59 ",30.23%," $599.00 ",
"Daltile ","Descontinuado","Pisos ","Pisos Daltile","ZXN41060R1P7","ZXN4 25 cm x 153 cm Rect. Xenia Café 1a Cal. 1.16M2","M2",1.16," $809.00 "," $697.41 ",35.62%," $449.00 ",
"Daltile ","Descontinuado","Pisos ","Pisos Daltile","ZGJ318181P2","ZGJ3 45x45 Bengal SlateMulticolor 1a Cal 1.63M2","M2",1.63," $469.00 "," $287.73 ",27.36%," $209.00 ",
"Daltile ","Descontinuado","Pisos ","Pisos Daltile","ZGJ318181P2","ZGJ3 45x45 Bengal SlateMulticolor 1a Cal 1.63M2","M2",1.63," $469.00 "," $287.73 ",27.36%," $209.00 ",
"Daltile ","Descontinuado","Pisos ","Pisos Daltile","ZAM51836RC1P7","ZAM5 45 cm x 90 cm Rect. Atempo Marfil 1a Cal 1.6M2","M2",1.6," $569.00 "," $355.63 ",24.36%," $269.00 ",
"Daltile ","Descontinuado","Pisos ","Pisos Daltile","ZAM215151P7","ZAM2 37cm x 37 cm Amely Blanco 1a Cal 2.11M2","M2",2.11," $479.00 "," $227.01 ",21.15%," $179.00 ",
"Daltile ","Descontinuado","Pisos ","Pisos Daltile","ZS362424C1P7","ZS36 60.5 cm x 60.5 cm Stratto Light Gray 1a. Cal 1.83 M2","M2",1.83," $609.00 "," $332.79 ",55.23%," $149.00 ",
"Daltile ","Descontinuado","Pisos ","Pisos Daltile","GA112448R1P7","GA11 60x120 Ardesia Dark Gray Rectificado 1a Cal 1.44M2","M2",1.44," $669.00 "," $464.58 ",33.49%," $309.00 ",
"Daltile ","Descontinuado","Pisos ","Pisos Daltile","ZDM2720B1P2","ZDM2 18X50 Sunwood Miel1a. Cal 1.08M2","M2",1.08," $239.00 "," $221.30 ",23.63%," $169.00 ",
"Daltile ","Descontinuado","Pisos ","Pisos Daltile","GDI12424RC1P7","GDI1 60 cm x 60 cm Rect District Gray 1a Cal 1.8M2","M2",1.8," $743.00 "," $412.78 ",42.10%," $239.00 ",
"Daltile ","Descontinuado","Pisos ","Pisos Daltile","GFT11836RC1P7LOT","GFT1 45 cm x 90 cm Rect. Finisterra White 1a. Cal 1.6M2","M2",1.6," $559.00 "," $349.38 ",20.14%," $279.00 ",
"Daltile ","Descontinuado","Pisos ","Pisos Daltile","ZMK132641PD","ZMK1 80x160 cm Rect.Makia White 1a. Cal. 2.56M2","M2",2.56," $2,189.00 "," $855.08 ",29.95%," $599.00 ",
"Daltile ","Descontinuado","Pisos ","Pisos Daltile","GSZ11836RB1P7","GSZ1 45x90 Spazio Crema Rectificado 1a. Cal 1.2M2","M2",1.2," $399.00 "," $332.50 ",31.13%," $229.00 ",
"Daltile ","Descontinuado","Pisos ","Pisos Daltile","GGS124481PD","GGS1 60 cm X 120 cm Rect. Galastone Turquoise1a. Cal 1.44M2","M2",1.44," $869.00 "," $603.47 ",17.31%," $499.00 ",
"Daltile ","Descontinuado","Pisos ","Pisos Daltile","ZT0315151P7","ZT03 37x37 cm Teul Beige 1a. Cal 2.11M2","M2",2.11," $386.00 "," $182.94 ",34.95%," $119.00 ",
"Daltile ","Descontinuado","Pisos ","Pisos Daltile","GNT118181P7","GNT1 45x45 North Stone Brown 1a. Cal 1.63M2","M2",1.63," $485.00 "," $297.55 ",43.20%," $169.00 ",
"Daltile ","Descontinuado","Pisos ","Pisos Daltile","EM03836B1P7","EM03 20x90 Emblem Grey 1a. Cal 1.45M2","M2",1.45," $499.00 "," $344.14 ",36.36%," $219.00 ",
"Daltile ","Descontinuado","Pisos ","Pisos Daltile","GC501320L1P2","GC50 34 cm x 50 cm ClassicoCobalto 1a. Cal 1.2M2","M2",1.2," $490.00 "," $408.33 ",36.57%," $259.00 ",
"Daltile ","Descontinuado","Pisos ","Pisos Daltile","ZPV52448PR1P7","ZPV5 59x118cm Rect. Pietra Di Vals Light Gray 1a. Cal 1.37M2","M2",1.37," $1,180.00 "," $861.31 ",51.35%," $419.00 ",
"Daltile ","Descontinuado","Pisos ","Pisos Daltile","ZKA332641PU","ZKA3 80x160 Katania Dark Gray 1a. Cal. 1.28M2","M2",1.28," $1,099.00 "," $858.59 ",30.23%," $599.00 ",
"Daltile ","Descontinuado","Pisos ","Pisos Daltile","ZBA3720B1P2","ZBA3 18 cm x 50 cm Baeza Tabaco 1a. Cal 1.08M2","M2",1.08," $249.00 "," $230.56 ",26.70%," $169.00 ",
"Daltile ","Descontinuado","Pisos ","Pisos Daltile","GZF215151P7","GZF2 37x37cm Lake Gris 1a. Cal 2.11M2","M2",2.11," $362.00 "," $171.56 ",42.30%," $99.00 ",
"Daltile ","Descontinuado","Pisos ","Pisos Daltile","ZDM3720B1P2","ZDM3 18X50 Black WalnutNatural 1a. Cal 1.08M2","M2",1.08," $272.00 "," $251.85 ",36.87%," $159.00 ",
"Daltile ","Descontinuado","Pisos ","Pisos Daltile","ZXN31060R1P7","ZXN3 25 cm x 153 cm Rect. Xenia Natural 1a. Cal. 1.16M2","M2",1.16," $809.00 "," $697.41 ",35.62%," $449.00 ",
"Daltile ","Descontinuado","Pisos ","Pisos Daltile","GZF218181P7","GZF21 45x45 Lake Gris 1a. Cal 1.63M2","M2",1.63," $354.00 "," $217.18 ",40.60%," $129.00 ",
"Daltile ","Descontinuado","Pisos ","Pisos Daltile","GPF12424RC1P7","GPF1 60X60CM Rect. Pietra Francesa Light Grey 1a. Cal 1.8M2","M2",1.8," $743.00 "," $412.78 ",42.10%," $239.00 ",
"Daltile ","Descontinuado","Pisos ","Pisos Daltile","ZDM4720B1P2","ZDM4 18X50 Black Walnut Moka 1a. Cal 1.08M2","M2",1.08," $272.00 "," $251.85 ",40.84%," $149.00 ",
"Daltile ","Descontinuado","Pisos ","Pisos Daltile","EM01720B1P2","EM01 18X50 Emblem Beige 1a. Cal 1.08M2","M2",1.08," $247.00 "," $228.70 ",30.48%," $159.00 ",
"Daltile ","Descontinuado","Pisos ","Pisos Daltile","GHW1720B1P2","GHW1 18x50 Homewood Gray 1a. Cal 1.08M2","M2",1.08," $260.00 "," $240.74 ",33.95%," $159.00 ",
"Daltile ","Descontinuado","Pisos ","Pisos Daltile","ZPV62448PR1P7","ZPV6 59x118cm Rect. Pietra Di Vals Dark Gray 1a. Cal 1.37M2","M2",1.37," $1,180.00 "," $861.31 ",51.35%," $419.00 ",
"Daltile ","Descontinuado","Pisos ","Pisos Daltile","ZCG532641PD","ZCG5 80x160 cm. Rect. Carrara Gold White 1a. Cal. 2.56M2","M2",2.56," $2,189.00 "," $855.08 ",29.95%," $599.00 ",
"Daltile ","Descontinuado","Pisos ","Pisos Daltile","GZF118181P7","GZF11 45X45 Lake Beige 1a. Cal 1.63M2","M2",1.63," $354.00 "," $217.18 ",40.60%," $129.00 ",
"Daltile ","Descontinuado","Pisos ","Pisos Daltile","ZCV615151P7","ZCV6 37x37cm Canova Castano 1a. Cal 2.11M2","M2",2.11," $400.00 "," $189.57 ",26.68%," $139.00 ",
"Daltile ","Descontinuado","Pisos ","Pisos Daltile","ZUR51218C1P7","ZUR5 30cm x 45cm Urbania Black & White 1a. Cal 1.36M2","M2",1.36," $479.00 "," $352.21 ",34.98%," $229.00 ",
"Daltile ","Descontinuado","Pisos ","Pisos Daltile","GON12448R1P7","GON1 60x120 Origin Black Rectificado 1a. Cal 1.44M2","M2",1.44," $639.00 "," $443.75 ",19.10%," $359.00 ",
"Daltile ","Descontinuado","Pisos ","Pisos Daltile","PL021218C1P7","PL02 30x45 Polaris Blanco 1a. Cal 1.50M2","M2",1.5," $419.00 "," $279.33 ",18.02%," $229.00 ",
"Daltile ","Descontinuado","Pisos ","Pisos Daltile","ZT0715151P7","ZT07 37x37 cm Tonala Cafe 1a. Cal 2.11M2","M2",2.11," $386.00 "," $182.94 ",24.02%," $139.00 ",
"Daltile ","Descontinuado","Pisos ","Pisos Daltile","EM02720B1P2","EM02 18x50 Emblem Brown1a. Cal 1.08M2","M2",1.08," $247.00 "," $228.70 ",30.48%," $159.00 ",
"Daltile ","Descontinuado","Pisos ","Pisos Daltile","ZZT22424RC1P7","ZZT2 60 cm x 60 cm Rect. Zermatt White 1a. Cal 1.8M2","M2",1.8," $659.00 "," $366.11 ",37.45%," $229.00 ",
"Daltile ","Descontinuado","Pisos ","Pisos Daltile","ZUR21218C1P7","ZUR2 30cm x 45cm Urbania Blue 1a. Cal 1.36M2","M2",1.36," $479.00 "," $352.21 ",34.98%," $229.00 ",
"Daltile ","Descontinuado","Pisos ","Pisos Daltile","ZSC31836RC1P7","ZSC3 45x90 cm. Rect. Stone Cave Black 1a. Cal 1.6M2","M2",1.6," $589.00 "," $368.13 ",16.06%," $309.00 ",
"Daltile ","Descontinuado","Pisos ","Pisos Daltile","ZGX518181P7","ZGX5 45x45cm Geox Cafe 1a. Cal 1.63M2","M2",1.63," $485.00 "," $297.55 ",43.20%," $169.00 ",
"Daltile ","Descontinuado","Pisos ","Pisos Daltile","ZA612448R1P7","ZA61 60x120 Aurora Bianco Rect. 1a Cal 1.44M2","M2",1.44," $669.00 "," $464.58 ",39.95%," $279.00 ",
"Daltile ","Descontinuado","Pisos ","Pisos Daltile","GZF115151P7","GZF1 37x37cm Lake Beige 1a. Cal 2.11M2","M2",2.11," $400.00 "," $189.57 ",47.78%," $99.00 ",
"Daltile ","Descontinuado","Pisos ","Pisos Daltile","GME118181P7","GME1 45x45 Merida Multicolor 1a. Cal 1.63M2","M2",1.36," $358.00 "," $263.24 ",47.20%," $139.00 ",
"Daltile ","Descontinuado","Pisos ","Pisos Daltile","ZKL815151P7","ZKL8 37 cm x 37 cm Kalei Dot Black 1a. Cal 2.11M2","M2",2.11," $529.00 "," $250.71 ",36.58%," $159.00 ",
"Daltile ","Descontinuado","Pisos ","Pisos Daltile","EM027201P2","EM02 18 cm x 50 cm Emblem Brown 1a.Cal 0.99M2","M2",0.99," $227.00 "," $229.29 ",21.93%," $179.00 ",
"Daltile ","Descontinuado","Pisos ","Pisos Daltile","ZAV42424RC1P7","ZAV4 60cm x 60cm Rect. Avenza Blanco Brillante 1a Cal. 1.8M2","M2",1.8," $743.00 "," $412.78 ",39.68%," $249.00 ",
"Daltile ","Descontinuado","Pisos ","Pisos Daltile","ZH182424B1PJ","ZH18 60 cm x 60 cm Bellagio Crema Super Gloss 1a Cal. 1.44m2","M2",1.44," $449.00 "," $311.81 ",26.56%," $229.00 ",
"Daltile ","Descontinuado","Pisos ","Pisos Daltile","ZAL9720HD1P2","ZAL9 18X50 Alondra Café 1a.Cal 0.99M2","M2",0.99," $189.00 "," $190.91 ",27.19%," $139.00 ",
"Daltile ","Descontinuado","Pisos ","Pisos Daltile","ZS372424C1P7","ZS37 60.5 cm x 60.5 cm Stratto Gray 1a. Cal. 1.83 M2","M2",1.83," $609.00 "," $332.79 ",55.23%," $149.00 ",
"Daltile ","Descontinuado","Pisos ","Pisos Daltile","ZM7532641PU","ZM75 80cm x 160cm Manaos Deep Gray 1a. Cal 1.28M2","M2",1.28," $1,099.00 "," $858.59 ",30.23%," $599.00 ",
"Daltile ","Descontinuado","Pisos ","Pisos Daltile","EM03836D1P7","EM03 20 cm x 90 cm Emblem Grey 1a. Cal 1.81m2","M2",1.81," $649.00 "," $358.56 ",27.77%," $259.00 ",
"Vitromex ","Descontinuado","Pisos ","Pisos Vitromex",520012413847061,"PISO MONET ABEDUL 18X60.6 CM 1.64 M2/CAJA","M2",1.64," $573.00 "," $349.39 ",54.49%," $159.00 ",
"Daltile ","Descontinuado","Pisos ","Pisos Daltile","ZAR31836C1P7","ZAR3 45 cm x 90 cm Artesa Gris 1a. Cal 1.62M2","M2",1.62," $679.00 "," $419.14 ",52.52%," $199.00 ",
"Daltile ","Descontinuado","Pisos ","Pisos Daltile","ZAR41836C1P7","ZAR4 45 cm x 90 cm Artesa Obscuro 1a Cal. 1.62M2","M2",1.62," $679.00 "," $419.14 ",52.52%," $199.00 ",
"Daltile ","Descontinuado","Pisos ","Pisos Daltile","GSS22424RC1P7","GSS2 60 cm x 60 cm Rect. Sandstone Gray 1a Cal 1.8m2","M2",1.8," $591.00 "," $328.33 ",36.35%," $209.00 ",
"Daltile ","Descontinuado","Pisos ","Pisos Daltile","ZA611836RC1P7","ZA61 45 cm x 90 cm. Rect. Aurora Bianco 1a. Cal 1.6M2","M2",1.6," $569.00 "," $355.63 ",35.61%," $229.00 ",
"Daltile ","Descontinuado","Pisos ","Pisos Daltile","ZKA332641PU","ZKA3 80x160 Katania Dark Gray 1a. Cal. 1.28M2","M2",1.28," $1,099.00 "," $858.59 ",30.23%," $599.00 ",
"Daltile ","Descontinuado","Pisos ","Pisos Daltile","ZA8132641PU","ZA81 80x160 Andria Marfil 1a. Cal. 1.28M2","M2",1.28," $1,099.00 "," $858.59 ",30.23%," $599.00 ",
"Urrea","Descontinuado","Cerámica Urrea","PAQBAÑODICABCO",50582021,"TAZA REDONDA ECONOMICA DICA 4203","PIEZA",,,,," $2,079.00 ",
"Urrea","Descontinuado","Cerámica Urrea","PAQBAÑODICABCO",51454021,"TANQUE ECOLOGICO DICA","PIEZA",,,,,,
"Urrea","Descontinuado","Cerámica Urrea","PAQBAÑODICABCO",52006022,"LAVABO COSMOS 4"" BLANCO","PIEZA",,,,,,
"Urrea","Descontinuado","Cerámica Urrea","PAQBAÑODICABCO",53006022,"PEDESTAL COSMOS BLANCO","PIEZA",,,,,,
"Urrea","Descontinuado","Cerámica Urrea","PAQCORZOBCO1",50106023,"TAZA MONET AL STAR BLANCO","PIEZA",,,,," $2,189.00 ",
"Urrea","Descontinuado","Cerámica Urrea","PAQCORZOBCO1",52010023,"LAVABO TRIA 4 STAR BLANCO","PIEZA",,,,,,
"Urrea","Descontinuado","Cerámica Urrea","PAQCORZOBCO1",53010022,"PEDESTAL AUSTRIA BLANCO","PIEZA",,,,,,
"Urrea","Descontinuado","Cerámica Urrea","PAQCORZOBCO1","TQ1033A021","TANQUE CORZO","PIEZA",,,,,,
"Urrea","Descontinuado","Cerámica Urrea","PAQARONABCO","TQ1101A021","Tanque Arona Ecologico 4.8 L (Blanco)","PIEZA",,,,," $1,899.00 ",
"Urrea","Descontinuado","Cerámica Urrea","PAQARONABCO","TZ2102A021","Taza ARONA Alargada (Blanco)","PIEZA",,,,,,
"Urrea","Descontinuado","Cerámica Urrea","PAQEMEZBCO",50083023,"TAZA NAVIA STAR BLANCO GRADO B URREA","PIEZA",,,,," $1,539.00 ",
"Urrea","Descontinuado","Cerámica Urrea","PAQEMEZBCO",51454021,"TANQUE ECOLOGICO DICA","PIEZA",,,,,,
"Urrea","Descontinuado","Cerámica Urrea","PAQEMEZBCO",52458022,"LAVABO 2501 4"" BLANCO","PIEZA",,,,,,
"Urrea","Descontinuado","Cerámica Urrea","PAQEMEZBCO",4022,"MEZCLADORA ECOLÓGICA PARA LAVABO","PIEZA",,,,,,
"Urrea","Descontinuado","Cerámica Urrea","PAQCREELBCO1",50106023,"TAZA MONET AL STAR BLANCO","PIEZA",,,,," $2,189.00 ",
"Urrea","Descontinuado","Cerámica Urrea","PAQCREELBCO1","TQ1032A021","TANQUE CREEL","PIEZA",,,,,,
"Urrea","Descontinuado","Cerámica Urrea","PAQCREELBCO1",52010023,"LAVABO TRIA 4 STAR BLANCO","PIEZA",,,,,,
"Urrea","Descontinuado","Cerámica Urrea","PAQCREELBCO1",53010022,"PEDESTAL AUSTRIA BLANCO","PIEZA",,,,,,
"Urrea","Descontinuado","Cerámica Urrea","PAQALHSO",50106043,"TAZA MONET AL HUESO","PIEZA",,,,," $2,599.00 ",
"Urrea","Descontinuado","Cerámica Urrea","PAQALHSO",51455042,"TANQUE ANDROMEDA GS 4.8 AL HUESO","PIEZA",,,,,,
"Urrea","Descontinuado","Cerámica Urrea","PAQALHSO",52010043,"LAVABO TRIA 4 STAR HUESO URREA","PIEZA",,,,,,
"Urrea","Descontinuado","Cerámica Urrea","PAQALHSO",53010042,"PEDESTAL AUSTRIA HUESO","PIEZA",,,,,,
"Urrea","Descontinuado","Cerámica Urrea","PAQALANDROBCO",50455022,"TAZA ANDROMEDA BLANCO","PIEZA",,,,," $2,389.00 ",
"Urrea","Descontinuado","Cerámica Urrea","PAQALANDROBCO","TQ1032A021","TANQUE CREEL","PIEZA",,,,,,
"Urrea","Descontinuado","Cerámica Urrea","PAQALANDROBCO",53010022,"Pedestal Autria blanco","PIEZA",,,,,,
"Urrea","Descontinuado","Cerámica Urrea","PAQALANDROBCO",52010023,"LAVABO TRIA 4 STAR BLANCO","PIEZA",,,,,,
"Urrea","Descontinuado","Cerámica Urrea","PAQEBCO",50083023,"TAZA NAVIA STAR BLANCO GRADO B URREA","PIEZA",,,,," $1,499.00 ",
"Urrea","Descontinuado","Cerámica Urrea","PAQEBCO",51453022,"TANQUE FENIX RD BLANCO","PIEZA",,,,,,
"Urrea","Descontinuado","Cerámica Urrea","PAQEBCO",52006023,"LAVABO STRELLA 4"" BLANCO","PIEZA",,,,,,
"Tecnopiso","Descontinuado","Pisos","Pisos Tecnopiso","PT612CANNBL1A","PISO CANNES BLACK BR 60X120CM 1.44M2","CAJA",1.44," $529.00 "," $367.36 ",18.61%," $299.00 ",
"Tecnopiso","Descontinuado","Pisos","Pisos Tecnopiso","PT612CANNWH1A","PISO CANNES WHITE BR 60X120CM 1.44M2","CAJA",1.44," $529.00 "," $367.36 ",24.05%," $279.00 ",
"Tecnopiso","Descontinuado","Pisos","Pisos Tecnopiso","PT612CORAL1A","PISO CORAL BR 60X120CM 1.44M2","CAJA",1.44," $529.00 "," $367.36 ",21.33%," $289.00 ",
"Tecnopiso","Descontinuado","Pisos","Pisos Tecnopiso","PT612EMPEBR1A","PISO EMPERADOR BRONCE BR 60X120CM 1.44M2","CAJA",1.44," $529.00 "," $367.36 ",21.33%," $289.00 ",
"Tecnopiso","Descontinuado","Pisos","Pisos Tecnopiso","PT612EMPEPL1A","PISO EMPERADOR PLATA BR 60X120CM 1.44M2","CAJA",1.44," $529.00 "," $367.36 ",24.05%," $279.00 ",
"Tecnopiso","Descontinuado","Pisos","Pisos Tecnopiso","PT612EMPETI1A","PISO EMPERADOR TITANIO BR 60X120CM 1.44M2","CAJA",1.44," $529.00 "," $367.36 ",21.33%," $289.00 ",
"Tecnopiso","Descontinuado","Pisos","Pisos Tecnopiso","PT612GLACIA1A","PISO GLACIAR MT 60x120CM 1.44M2","CAJA",1.44," $529.00 "," $367.36 ",26.78%," $269.00 ",
"Tecnopiso","Descontinuado","Pisos","Pisos Tecnopiso","PT612SANTOT1A","PISO SANTO MT TOMAS 60X120CM 1.44M2","CAJA",1.44," $529.00 "," $367.36 ",18.61%," $299.00 ",
"Tecnopiso","Descontinuado","Pisos","Pisos Tecnopiso","PT612ARTIC1A","PISO ARTIC BR 60X120CM 1.44M2","CAJA",1.44," $529.00 "," $367.36 ",18.61%," $299.00 ",
"Tecnopiso","Descontinuado","Pisos","Pisos Tecnopiso","PT33KOBUBE1B","PISO KOBUK BEIGE 33X33 1.63 M2 ANTIDERRAPANTE","CAJA",1.63," $399.00 "," $244.79 ",26.87%," $179.00 ",
"Tecnopiso","Descontinuado","Pisos","Pisos Tecnopiso","PT33KOBUGR1B","PISO KOBUK GRIS 33X33 1.63 M2 ANTIDERRAPANTE","CAJA",1.63," $399.00 "," $244.79 ",26.87%," $179.00 ",
"Tecnopiso","Descontinuado","Pisos","Pisos Tecnopiso","PT33KOBUCA1B","PISO KOBUK CAFE 33X33 1.63 M2 ANTIDERRAPANTE","CAJA",1.63," $399.00 "," $244.79 ",26.87%," $179.00 ",
"Tecnopiso","Descontinuado","Pisos","Pisos Tecnopiso","PT36AREZBL1A","PISO AREZZO BLANCO 30X60 1.62 M2","CAJA",1.62," $429.00 "," $264.81 ",28.63%," $189.00 ",
"Tecnopiso","Descontinuado","Pisos","Pisos Tecnopiso","PT36AREZGR1A","PISO AREZZO GRIS 30X60 1.62M2","CAJA",1.62," $429.00 "," $264.81 ",28.63%," $189.00 ",
"Tecnopiso","Descontinuado","Pisos","Pisos Tecnopiso","PT36PARISGR1A","FACHALETA RUSTICO PARIS BEIGE 30X60 CM 1.62 M2","CAJA",1.62," $429.00 "," $264.81 ",28.63%," $189.00 ",
"Tecnopiso","Descontinuado","Pisos","Pisos Tecnopiso","PT36PRISBE1C","PISO PRISMA BEIGE 30X60CM 1.62M2/CAJA","CAJA",1.62," $429.00 "," $264.81 ",28.63%," $189.00 ",
"Tecnopiso","Descontinuado","Pisos","Pisos Tecnopiso","PRIGR60","PISO CERAMICO PRISMA GRIS 60X60 1.44M","CAJA",1.44," $429.00 "," $297.92 ",26.49%," $219.00 ",
"Tecnopiso","Descontinuado","Pisos","Pisos Tecnopiso","PRIBLC60","PISO CERAMICO PRISMA BEIGE 60X60 1.44 M","CAJA",1.44," $429.00 "," $297.92 ",26.49%," $219.00 ",
"Tecnopiso","Descontinuado","Pisos","Pisos Tecnopiso","PRINE60","PISO CERAMICO PRISMA NEGRO 60X60 1.44M","CAJA",1.44," $429.00 "," $297.92 ",26.49%," $219.00 ",
"Tecnopiso","Descontinuado","Pisos","Pisos Tecnopiso","PT60QUARNE1A","PISO CERAMICO QUARTZ NEGRO 60X60 CM. 1.44 M2 CAJA","CAJA",1.44," $429.00 "," $297.92 ",26.49%," $219.00 ",
"Tecnopiso","Descontinuado","Pisos","Pisos Tecnopiso","PT60ARCEAZ1A","PISO CERAMICO ARCE AZUL 60X60 CM. 1.44 M2 CAJA","CAJA",1.44," $429.00 "," $297.92 ",23.13%," $229.00 ",
"Tecnopiso","Descontinuado","Pisos","Pisos Tecnopiso","PT60ARCECA1A","PISO CERAMICO ARCE CAFE 60X60 1.44 M2","CAJA",1.44," $429.00 "," $297.92 ",23.13%," $229.00 ",
"Tecnopiso","Descontinuado","Pisos","Pisos Tecnopiso","PT36GREYTE1A","PISO GREYTECH 30X60 CM 1.62M2/ CAJA","CAJA",1.62," $429.00 "," $264.81 ",28.63%," $189.00 ",
"Tecnopiso","Descontinuado","Pisos","Pisos Tecnopiso","PT36PRISNE1C","PRISMA NEGRO 30X60CM 1.62M2","CAJA",1.62," $429.00 "," $264.81 ",28.63%," $189.00 ",
"Tecnopiso","Descontinuado","Pisos","Pisos Tecnopiso","PRIGR30X60","PISO CERAMICO PRISMA GRIS 30X60 1.62M2","CAJA",1.62," $429.00 "," $264.81 ",28.63%," $189.00 ",
"Tecnopiso","Descontinuado","Pisos","Pisos Tecnopiso","PT36PARIGR1A","FACHALETA PARIS GRIS 30X60CM 1.62M2 CAJA","CAJA",1.62," $429.00 "," $264.81 ",28.63%," $189.00 ",
"Tecnopiso","Descontinuado","Pisos","Pisos Tecnopiso","PT60PRISGR2B","PISO PRISMA GRIS 60X60 1.44M2 C.C.","CAJA",1.44," $281.00 "," $195.14 ",0.07%," $195.00 ",
"Tecnopiso","Descontinuado","Pisos","Pisos Tecnopiso","PT60PRISRO2C","PISO PRISMA ROSATTO 60X60 1.44M2 C.C.","CAJA",1.44," $281.00 "," $195.14 ",0.07%," $195.00 ",
"Tecnopiso","Descontinuado","Pisos","Pisos Tecnopiso","PT36AREZBL2A","PISO AREZZO BLANCO 30X60 1.62 M2 CALIDAD COMERCIAL","CAJA",1.62," $290.00 "," $179.01 ",0.01%," $179.00 ",
"Tecnopiso","Descontinuado","Pisos","Pisos Tecnopiso","PT36AREZGR2A","PISOS AREZZO GRIS 30X60 1.62M2 CALIDAD COMERCIAL","CAJA",1.62," $290.00 "," $179.01 ",0.01%," $179.00 ",
"Tecnopiso","Descontinuado","Pisos","Pisos Tecnopiso","PT36CONCRE2A","PISO CERAMICO CONCRETE GRIS CALIDAD COMERCIAL 30X60 1.62 M2","CAJA",1.62," $290.00 "," $179.01 ",0.01%," $179.00 ",
"Tecnopiso","Descontinuado","Pisos","Pisos Tecnopiso","PT50LOREBL2A","LORETO BLANCO 50X50 1.75 C. COMERCIAL","CAJA",1.75," $314.00 "," $179.43 ",0.24%," $179.00 ",
"Tecnopiso","Descontinuado","Pisos","Pisos Tecnopiso","PT50LOREGR2A","PISO LORETO GRIS 1.75M2 CALIDAD COMERCIAL","CAJA",1.75," $314.00 "," $179.43 ",0.24%," $179.00 ",
"Tecnopiso","Descontinuado","Pisos","Pisos Tecnopiso","RT595HITABL2A","PISOS HITA BLANCO 1.42M2 CALIDAD COMERCIAL","CAJA",1.42," $255.00 "," $179.58 ",0.32%," $179.00 ",
"Tecnopiso","Descontinuado","Pisos","Pisos Tecnopiso","PT60PRISRO1B","PISO PRISMA ROSATTO 60X60 1.44M2/CAJA","CAJA",1.44," $429.00 "," $297.92 ",33.20%," $199.00 ",
"Tecnopiso","Descontinuado","Pisos","Pisos Tecnopiso","PN60QC1E","PISO CERAMICO MOD QUARTZ CAFE 60X60 1.44 M2 CAJA","CAJA",1.44," $429.00 "," $297.92 ",33.20%," $199.00 ",
"Renujal","Descontinuado Proveedor","Pisos","Pisos Renujal","CAS10024507","BURGOS 66 GREY 60X60 5 PZS 1.80M2","M2",1.8," $409.00 "," $227.22 ",18.58%," $185.00 ",
"Renujal","Descontinuado Proveedor","Pisos","Pisos Renujal","CAS10024506","BURGOS 66 IVORY 60X60 5 PZS 1.80M2","M2",1.8," $409.00 "," $227.22 ",18.58%," $185.00 ",
"Renujal","Descontinuado","Pisos","Pisos Renujal","CAS94019","PISO YUNN 32 PERLA 30X120 1.76M2","M2",1.76," $629.00 "," $357.39 ",30.33%," $249.00 ",
"Castel","Descontinuado","Pisos","Pisos Castel","CAS19","PISO PORCELANICO REC TOSCANA 80X80 1.92M2 CAJA","M2",1.92," $1,099.00 "," $572.40 ",32.04%," $389.00 ",
"Machen ","Descontinuado","Muebles ","Mueble de Baño","MCBENNO","MUEBLE CABINET BENNO","Pieza ",1," $8,859.00 "," $8,859.00 ",22.12%," $6,899.00 ","Hasta agotar existencias, no valido sobrepedido"
"Machen ","Descontinuado","Muebles ","Mueble de Baño","MCARNO","MUEBLE CABINET ARNO","Pieza ",1," $7,299.00 "," $7,299.00 ",50.69%," $3,599.00 ","Solo para material en exhibicion "
"Quarella&Decor","Descontinuado","Espejos","Espejos Quarella","QD001","ESPEJO NARON 60 CM RED LED","Pieza",1," $2,950.00 "," $2,950.00 ",25.46%," $2,199.00 ","Hasta agotar existencias, no valido sobrepedido"
"Quarella&Decor","Descontinuado","Espejos","Espejos Quarella","QD002","ESPEJO TUY 60 CM RED NEGRO BT LED","Pieza",1," $3,600.00 "," $3,600.00 ",44.47%," $1,999.00 ","Solo para material en exhibicion "
"Quarella&Decor","Descontinuado","Espejos","Espejos Quarella","QD004","ESPEJO FERROL 60X90 CM LED","Pieza",1," $2,600.00 "," $2,600.00 ",15.42%," $2,199.00 ","Hasta agotar existencias, no valido sobrepedido"
"Quarella&Decor","Descontinuado","Espejos","Espejos Quarella","QD005","ESPEJO LUGO 60 CM RED LED","Pieza",1," $2,400.00 "," $2,400.00 ",20.88%," $1,899.00 ","Hasta agotar existencias, no valido sobrepedido"
"Renujal","Descontinuado","Pisos ","Pisos Renujal ","CAS94011","PISO RECT NORUEGA 22 HAYA 20X120 1.83M2","M2",1.83," $629.00 "," $343.72 ",30.47%," $239.00 ",
"Calorex","Descontinuado","Calentadores","Calentadores Calorex",50204030011,"OPTIMUS DE PASO ODP-06 LP","Pieza",1," $3,170.51 "," $3,170.51 ",18.03%," $2,599.00 ",
"Calorex","Descontinuado","Calentadores","Calentadores Calorex",50204030071,"OPTIMUS ODP-09 GAS LP","Pieza",1," $4,441.31 "," $4,441.31 ",25.72%," $3,299.00 ",
"Calorex","Descontinuado","Calentadores","Calentadores Calorex",50302070050,"CINSA ELECTRICO CIE-10 220V 4.0KW","Pieza",1," $5,539.00 "," $5,539.00 ",44.05%," $3,099.00 ",
"Calorex","Descontinuado","Calentadores","Calentadores Calorex",50304020091,"CALENTADOR OPTIMUS INSTANTANEO 01-05 E LP","Pieza",1," $1,763.23 "," $1,763.23 ",32.00%," $1,199.00 ",
"Calorex","Descontinuado","Calentadores","Calentadores Calorex",50402070031,"CINSA INSTANTANEO CIN-13 B LP","Pieza",1," $5,514.00 "," $5,514.00 ",47.42%," $2,899.00 ",
"Castel","Descontinuado","Pisos","Pisos Castel","CAS100208","PISO TOSCANA 120 PLUS BCO 60X120 1.44M2","M2",1.44," $926.00 "," $643.06 ",47.28%," $339.00 ",
"Machen ","Descontinuado","Muebles ","Mueble de Baño","MCARNO","MUEBLE CABINET ARNO","Pieza",1," $7,299.00 "," $7,299.00 ",50.69%," $3,599.00 ","Solo para material en exhibicion "
"Machen ","Descontinuado","Muebles ","Mueble de Baño","MCBENNO","MUEBLE CABINET BENNO","Pieza",1," $8,859.00 "," $8,859.00 ",22.12%," $6,899.00 ","Solo para material en exhibicion "
"Machen ","Descontinuado","Muebles ","Mueble de Baño","MCZAFIRO","MUEBLE CABINET ZAFIRO (ESPEJO LED)","Pieza",1," $11,799.00 "," $11,799.00 ",29.58%," $8,309.00 ","Solo para material en exhibicion "
"Machen ","Descontinuado","Muebles ","Mueble de Baño","MCCUARZO ","MUEBLE CABINET CUARZO ","Pieza",1," $10,279.00 "," $10,279.00 ",29.57%," $7,239.00 ","Solo para material en exhibicion "
"Machen ","Descontinuado","Muebles ","Mueble de Baño","MCPIROXENO ","MUEBLE CABINET PIROXENO CON ESPEJO LED ","Pieza",1," $15,209.00 "," $15,209.00 ",40.17%," $9,099.00 ","Solo para material en exhibicion "
"Machen ","Descontinuado","Muebles ","Mueble de Baño","MCAMBAR ","MUEBLE CABINET AMBAR ","Pieza",1," $13,599.00 "," $13,599.00 ",41.18%," $7,999.00 ","Solo para material en exhibicion "
"Machen ","Descontinuado","Muebles ","Mueble de Baño","MCJASPE","MUEBLE CABINET JASPE","Pieza",1," $7,769.00 "," $7,769.00 ",26.64%," $5,699.00 ","Solo para material en exhibicion "
"Machen ","Descontinuado","Muebles ","Mueble de Baño","MCTESEO ","MUEBLE CABINET TESEO","Pieza",1," $8,269.00 "," $8,269.00 ",25.03%," $6,199.00 ","Solo para material en exhibicion "
"Vitromex ","Descontinuado","Pisos ","Pisos Vitromex",522682254011481,"PISO AIZEN GRIS 50X100 CM 1.5 M2/CAJA RECT","M2",1.5," $509.00 "," $339.33 ",35.46%," $219.00 ",
"Vitromex ","Descontinuado","Pisos ","Pisos Vitromex",522799254028911,"PISO LIVING BEIGE 50X100 CM 2.0 M2/CAJA RECT","M2",2," $719.00 "," $359.50 ",30.74%," $249.00 ",
"Urrea","Descontinuado","Cerámica Urrea","One Piece","75.7566.23","Sanitario One Piece OVALE E","PIEZA",1," $11,721.00 "," $11,721.00 ",48.82%," $5,999.00 ",
