"Proveedor","Codigo","Descripcion ","Metraje","Formato","Precio sistema Caja","Precio Regular M2","Descuento autorizado Oferta Final ","Oferta Final M2 ","Precio M2 con complementos","Comentarios"
"Neostone","NEOS322","DIAMOND BLACK GLOSSY 10X20 1M2 (50 PZ)",1,"10X20"," $579.00 "," $579.00 ",6.9085%," $539.00 ",,
"Neostone","NEOS452","DIAMOND BLACK MATT10X20 1M2 (50 PZ)",1,"10X20"," $579.00 "," $579.00 ",6.9085%," $539.00 ",,
"Neostone","NEOS323","DIAMOND WHITE GLOSSY 10X20 1M2 (50 PZ)",1,"10X20"," $579.00 "," $579.00 ",6.9085%," $539.00 ",,
"Neostone","NEOS451","DIAMOND WHITE MATT 10X20 1M2 (50 PZ)",1,"10X20"," $579.00 "," $579.00 ",6.9085%," $539.00 ",,
"Neostone","NEOS361","SAN MARINO PL 120X120 2.88 M2",2.88,"120X120"," $2,327.00 "," $807.99 ",27.1027%," $589.00 ",,
"Neostone","NEOS109","ARABELL ELITE 120X240 2.88 M2",2.88,"120X240"," $3,308.69 "," $1,148.85 ",13.0435%," $999.00 ",,
"Neostone","NEOS519","CARACARA WHITE 120X240 2.88M2",2.88,"120X240"," $3,308.69 "," $1,148.85 ",13.0435%," $999.00 ",,
"Neostone","NEOS518","CARRARA WHITE 120x240 2.88M2",2.88,"120X240"," $3,308.69 "," $1,148.85 ",13.0435%," $999.00 "," $499.00 ","Hasta agotar existencias"
"Neostone","NEOS111","BLACK SYMPHONY 120X240 2.88 M2",2.88,"120X240"," $4,277.00 "," $1,485.07 ",30.0369%," $1,039.00 ",,
"Neostone","CALACATTA 120X240","CALACATTA ELITE 120X240 PUL. 2.88 MTS",2.88,"120X240"," $4,277.00 "," $1,485.07 ",30.0369%," $1,039.00 ",,
"Neostone","NEOS314","MONET WHITE 120X240 2.88M2",2.88,"120X240"," $4,277.00 "," $1,485.07 ",30.0369%," $1,039.00 ",,
"Neostone","NEOS099","SAINT LAURENT ELITE 120X240 2.88 M2",2.88,"120X240"," $4,277.00 "," $1,485.07 ",30.0369%," $1,039.00 "," $499.00 ","Hasta agotar existencias"
"Neostone","NEOS493","KENAI GREY (TORO GREY) 20X120 1.20m2",1.2,"20X120"," $1,299.00 "," $1,082.50 ",74.2263%," $279.00 "," $269.00 ",
"Neostone","NEOS359","GREY BRICH WOOD 20x120",1.2,"20X120"," $729.00 "," $607.50 ",17.8601%," $499.00 "," $489.00 ",
"Neostone","NEOS492","KENAI BROWN (TORO BROWN) 20X120 1.20m2",1.2,"20X120"," $1,299.00 "," $1,082.50 ",53.9030%," $499.00 "," $489.00 ",
"Neostone","NEOS491","KENAI NATURAL (CASTELO MONEY) 20X120 1.20m2",1.2,"20X120"," $1,299.00 "," $1,082.50 ",53.9030%," $499.00 "," $489.00 ",
"Neostone","NEOS465","MOUNTAIN BROWN 20X120 1.20M2",1.2,"20X120"," $729.00 "," $607.50 ",17.8601%," $499.00 "," $489.00 ",
"Neostone","ROYALWOODB20X120","ROYAL WOOD BROWN 20X120CM 1.20M2/CJ",1.2,"20X120"," $729.00 "," $607.50 ",17.8601%," $499.00 "," $249.00 ","Hasta agotar existencias"
"Neostone","NEOS377","MALLA SINTRA 30X30",1,"30X30"," $319.00 "," $319.00 ",25.0000%," $239.25 ",,
"Neostone","NEOS382","MALLA NAZARÉ 30X30",1,"30X30"," $372.00 "," $372.00 ",25.0000%," $279.00 ",,
"Neostone","NEOS224","MOSAICO ARMAN BLUE 30X30 0.74 M2",1,"30X30"," $1,059.00 "," $1,059.00 ",25.0000%," $794.25 ",,
"Neostone","NEOS441","MOSAICO BLACK STORM MATT 30X30 0.74M2",1,"30X30"," $1,059.00 "," $1,059.00 ",25.0000%," $794.25 ",,
"Neostone","NEOS226","MOSAICO CARAMEL WHITE 30X30 0.74 M2",1,"30X30"," $1,059.00 "," $1,059.00 ",25.0000%," $794.25 ",,
"Neostone","NEOS440","MOSAICO LENART BLACK MATT 30X30 0.74 M2",1,"30X30"," $1,059.00 "," $1,059.00 ",25.0000%," $794.25 ",,
"Neostone","NEOS227","MOSAICO STATUARIO EVA 30X30 0.74 M2",1,"30X30"," $1,059.00 "," $1,059.00 ",25.0000%," $794.25 ",,
"Neostone","NEOS422","MOSAICO STATUARIO EVA MATT 30X30 0.74 M2",1,"30X30"," $1,059.00 "," $1,059.00 ",25.0000%," $794.25 ",,
"Neostone","NEOS369","LUGO BIANCO GL 30X60 0.9M2",0.9,"30X60"," $309.00 "," $343.33 ",12.9126%," $299.00 ",,
"Neostone","NEOS368","MERIDA BLACK GL 30X60 0.9M2",0.9,"30X60"," $309.00 "," $343.33 ",12.9126%," $299.00 ",,
"Neostone","NEOS367","MERIDA STATUARIO GL 30X60 0.9M2",0.9,"30X60"," $309.00 "," $343.33 ",12.9126%," $299.00 ",,
"Neostone","NEOS366","MERIDA WHITE GL 30X60 0.9M2",0.9,"30X60"," $309.00 "," $343.33 ",12.9126%," $299.00 ",,
"Neostone","NEOS370","MURCIA STATUARIO GL 30X60 0.9M2",0.9,"30X60"," $309.00 "," $343.33 ",12.9126%," $299.00 ",,
"Neostone","NEOS030","ANTIQUE BLACK 33 33X33 1M2",1,"33X33"," $238.80 "," $238.80 ",12.4791%," $209.00 ",,
"Neostone","NEOS189","ANTIQUE WHITE 33 33X33 1M2",1,"33X33"," $238.80 "," $238.80 ",12.4791%," $209.00 ",,
"Neostone","NEOS249","EVEREST 60X120 1.44 M2 2DA CALIDAD",1.44,"60X120"," $599.00 "," $415.97 ",35.3322%," $269.00 "," $259.00 ",
"Neostone","NEOS302","SANDSTONE GREY MT 7MM 60X120 2.16 M2",2.16,"60X120"," $1,019.00 "," $471.76 ",42.9794%," $269.00 "," $199.00 ",
"Neostone","NEOS301","SANDSTONE BLACK MT 7MM 60X120 2.16 M2",2.16,"60X120"," $1,019.00 "," $471.76 ",42.9794%," $269.00 "," $199.00 ",
"Neostone","NEOS248","STATUARIO EVA 60X120 1.44M2 2DA CALIDAD",1.44,"60X120"," $599.00 "," $415.97 ",35.3322%," $269.00 "," $259.00 ",
"Neostone","NEOS437","SIG STATUARIO MT 7MM 60X120 2.16 M2",2.16,"60X120"," $1,069.00 "," $494.91 ",43.6258%," $279.00 "," $269.00 ",
"Neostone","NEOS220","ATENAS BIANCO MATTE 60X120CM 5MM 2.88 M2",2.88,"60X120"," $1,339.00 "," $464.93 ",35.6893%," $299.00 "," $289.00 ",
"Neostone","NEOS216","MONT BIANCO MATTE 60X120 CM 5MM 2.88 M2",2.88,"60X120"," $1,339.00 "," $464.93 ",35.6893%," $299.00 "," $289.00 ",
"Neostone","NEOS213","ATENAS BIANCO GLOSSY 60 X 120 CM 5MM 2.88M2",2.88,"60X120"," $1,339.00 "," $464.93 ",35.6893%," $299.00 "," $289.00 ",
"Neostone","NEOS201","ARMANI CASTAL 5MM 60X120 2.88 M2",2.88,"60X120"," $1,339.00 "," $464.93 ",35.6893%," $299.00 "," $289.00 ",
"Neostone","NEOS200","CASTANO WOOD 5 MM 60X120 2.88 M2",2.88,"60X120"," $1,339.00 "," $464.93 ",35.6893%," $299.00 "," $289.00 ",
"Neostone","NEOS202","SIG STATUARIO PL 5MM 60X120 2.88M2",2.88,"60X120"," $1,339.00 "," $464.93 ",35.6893%," $299.00 "," $279.00 ",
"Neostone","NEOS221","SIG STATUARIO MT 5MM 60X120 2.88M3",2.88,"60X120"," $1,339.00 "," $464.93 ",35.6893%," $299.00 "," $279.00 ",
"Neostone","NEOS305","MORDAN SILVER GL 7MM 60X120 2.16 M2",2.16,"60X120"," $1,019.00 "," $471.76 ",36.6202%," $299.00 "," $289.00 ",
"Neostone","NEOS303","INDEX GREY MT 7MM 60X120 2.16 M2",2.16,"60X120"," $1,019.00 "," $471.76 ",36.6202%," $299.00 "," $289.00 ",
"Neostone","NEOS304","CLASSIC STATUARIO MT 7MM 60X120 2.16 M2",2.16,"60X120"," $1,019.00 "," $471.76 ",36.6202%," $299.00 "," $289.00 ",
"Neostone","NEOS215","SIDNEY GREY GLOSSY 60 X 120 5MM 2.88M2",2.88,"60X120"," $1,339.00 "," $464.93 ",35.6893%," $299.00 "," $289.00 ",
"Neostone","NEOS203","MARMOL CARRARA 5MM 60X120 2.88 M2",2.88,"60X120"," $1,099.00 "," $381.60 ",16.4040%," $319.00 "," $309.00 ",
"Neostone","NEOS306","PARIS WHITE GL 7MM 60X120 2.16 M2",2.16,"60X120"," $999.00 "," $462.50 ",24.5405%," $349.00 "," $339.00 ",
"Neostone","NEOS300","NOIR STATUARIO GL 7MM 60X120 2.16M2",2.16,"60X120"," $999.00 "," $462.50 ",24.5405%," $349.00 "," $339.00 ",
"Neostone","NEOS315","CALACATTA CLASSIC (PY126929) 60X120 2.16 M2",2.16,"60X120"," $1,069.00 "," $494.91 ",25.4406%," $369.00 "," $359.00 ",
"Neostone","NEOS209","CARAMEL WHITE 60X120 1.44 M2",1.44,"60X120"," $699.00 "," $485.42 ",23.9828%," $369.00 "," $359.00 ",
"Neostone","NEOS418","BUCAREST SILVER MATT 60X120 1.44 m2",1.44,"60X120"," $709.00 "," $492.36 ",25.0550%," $369.00 "," $359.00 ",
"Neostone","NEOS160","NEO CARRARA PL 60X120 1.44 M2",1.44,"60X120"," $709.00 "," $492.36 ",25.0550%," $369.00 "," $319.00 ",
"Neostone","NEOS223","COILCHIPS GREY 9MM 60X120 1.44 M2",1.44,"60X120"," $709.00 "," $492.36 ",25.0550%," $369.00 "," $359.00 ",
"Neostone","NEOS383","SIG STATUARIO PL 9MM 60X120 1.44 M2",1.44,"60X120"," $709.00 "," $492.36 ",25.0550%," $369.00 "," $359.00 ",
"Neostone","NEOS436","SIG STATUARIO MT 9MM 60X120 1.44 M2",1.44,"60X120"," $709.00 "," $492.36 ",25.0550%," $369.00 "," $359.00 ",
"Neostone","NEOS373","ARABELL SATIN MATT 60X120 1.44 M2",1.44,"60X120"," $869.00 "," $603.47 ",38.8539%," $369.00 "," $349.00 ",
"Neostone","NEOS142","ALDEN BIANCO 60X120 1.44 M2",1.44,"60X120"," $699.00 "," $485.42 ",21.9227%," $379.00 "," $269.00 ","Hasta agotar existencias"
"Neostone","NEOS374","MONTCALM SATIN MATT 60X120 1.44M2",1.44,"60X120"," $709.00 "," $492.36 ",20.9929%," $389.00 "," $379.00 ",
"Neostone","NEOS059","STENCIL LT 60X120 1.44 M2",1.44,"60X120"," $899.00 "," $624.31 ",37.6908%," $389.00 "," $379.00 ",
"Neostone","NEOS376","SIG STATUARIO PL 7MM 60X120 2.16 M2",2.16,"60X120"," $1,069.00 "," $494.91 ",19.3789%," $399.00 "," $389.00 ",
"Neostone","NEOS178","EVEREST RUSTIC 60X120 1.44 M2",1.44,"60X120"," $699.00 "," $485.42 ",17.8026%," $399.00 "," $389.00 ",
"Neostone","NEOS413","FERRARA BIANCO MATT 60X120 1.44 m2",1.44,"60X120"," $699.00 "," $485.42 ",17.8026%," $399.00 "," $389.00 ",
"Neostone","NEOS414","FERRARA IVORY MATT 60X120 1.44 M2",1.44,"60X120"," $699.00 "," $485.42 ",17.8026%," $399.00 "," $349.00 ",
"Neostone","NEOS415","FERARRA NERO MATT 60X120 1.44 m2",1.44,"60X120"," $699.00 "," $485.42 ",17.8026%," $399.00 "," $389.00 ",
"Neostone","NEOS416","BUCAREST CREMA MATT 60X120 1.44 m2",1.44,"60X120"," $709.00 "," $492.36 ",18.9619%," $399.00 "," $389.00 ",
"Neostone","NEOS419","SAN REMO GREY MATT 60X120 1.44 m2",1.44,"60X120"," $709.00 "," $492.36 ",18.9619%," $399.00 "," $389.00 ",
"Neostone","NEOS420","SAN GALO BIANCO MATT 60X120 1.44 m2",1.44,"60X120"," $709.00 "," $492.36 ",18.9619%," $399.00 "," $389.00 ",
"Neostone","NEOS421","SAN GALO GREY MATT 60X120 1.44 m2",1.44,"60X120"," $709.00 "," $492.36 ",18.9619%," $399.00 "," $389.00 ",
"Neostone","NEOS143","MURANO GREY 60X120 1.44M2",1.44,"60X120"," $709.00 "," $492.36 ",18.9619%," $399.00 "," $389.00 ",
"Neostone","NEOS192","MARQUINA BLACK 60x120 1.44 M2",1.44,"60X120"," $709.00 "," $492.36 ",16.9309%," $409.00 "," $399.00 ",
"Neostone","NEOS193","MARQUINA GOLD 60x120 1.44 M2",1.44,"60X120"," $709.00 "," $492.36 ",16.9309%," $409.00 "," $399.00 ",
"Neostone","ARA60X120","PISO ARABELL 60X120 1.44M2",1.44,"60X120"," $892.58 "," $619.85 ",30.7894%," $429.00 "," $419.00 ",
"Neostone","EVEREST60X120","EVEREST 60x120 1.44 M2",1.44,"60X120"," $726.98 "," $504.85 ",15.0238%," $429.00 "," $329.00 ",
"Neostone","NEOS146","STATUARIO EVA 60X120 1.44 M2",1.44,"60X120"," $699.00 "," $485.42 ",11.6223%," $429.00 "," $319.00 ",
"Neostone","NEOS155","PETRA NOVA GREY PL 60X120 1.44 M2",1.44,"60X120"," $739.00 "," $513.19 ",16.4060%," $429.00 "," $419.00 ",
"Neostone","NEOS137","PETRA NOVA GREY SATIN 60x120 1.44 M2",1.44,"60X120"," $739.00 "," $513.19 ",16.4060%," $429.00 "," $419.00 ",
"Neostone","NEOS371","MESINA GREY MATT 60X120 1.44M2",1.44,"60X120"," $739.00 "," $513.19 ",16.4060%," $429.00 "," $409.00 ",
"Neostone","NEOS372","MESINA NATURAL MATT 60X120 1.44M2",1.44,"60X120"," $739.00 "," $513.19 ",16.4060%," $429.00 "," $409.00 ",
"Neostone","NEOS210","ARMAN BLUE 60X120 1.44 M2",1.44,"60X120"," $1,029.00 "," $714.58 ",39.9650%," $429.00 "," $419.00 ",
"Neostone","MONT60X120","PISO MONTCALM 60X120 1.44M",1.44,"60X120"," $726.98 "," $504.85 ",13.0430%," $439.00 "," $429.00 ",
"Neostone","NEOS081","OSIRIS BIANCO 60X120 1.44 M2",1.44,"60X120"," $726.98 "," $504.85 ",13.0430%," $439.00 "," $429.00 ",
"Neostone","NEOS082","OSIRIS GREY 60X120 1.44 M2",1.44,"60X120"," $726.98 "," $504.85 ",13.0430%," $439.00 "," $429.00 ",
"Neostone","NEOS162","NEPTUNE STATUARIO POLISH 60X120 1.44 M2",1.44,"60X120"," $726.98 "," $504.85 ",34.8318%," $329.00 "," $299.00 ","Hasta agotar existencias"
"Neostone","NEOS417","BUCAREST GREY MATT 60X120 1.44 m2",1.44,"60X120"," $726.98 "," $504.85 ",13.0430%," $439.00 "," $299.00 ","Hasta agotar existencias"
"Neostone","NEOS438","SAN REMO GREY PL 60X120 1.44 M2",1.44,"60X120"," $726.98 "," $504.85 ",13.0430%," $439.00 "," $359.00 ",
"Neostone","NEOS450","EVEREST MATT 60x120 1.44 M2",1.44,"60X120"," $726.98 "," $504.85 ",13.0430%," $439.00 "," $429.00 ",
"Neostone","NEOS501","DEVICI BIANCO 60X120 1.44M2",1.44,"60X120"," $726.98 "," $504.85 ",13.0430%," $439.00 "," $359.00 ",
"Neostone","NEOS502","FLAVIA GREY 60X120 1.44M2",1.44,"60X120"," $726.98 "," $504.85 ",13.0430%," $439.00 "," $429.00 ",
"Neostone","NEOS503","FLAVIA BEIGE 60X120 1.44M2",1.44,"60X120"," $726.98 "," $504.85 ",13.0430%," $439.00 "," $429.00 ",
"Neostone","NEOS504","GYPSUM SILVER 60X120 1.44 M2",1.44,"60X120"," $726.98 "," $504.85 ",13.0430%," $439.00 "," $429.00 ",
"Neostone","NEOS505","GYPSUM MULTY 60X120 1.44M2",1.44,"60X120"," $726.98 "," $504.85 ",13.0430%," $439.00 "," $429.00 ",
"Neostone","NEOS506","FARO PISTA 60X120 1.44M2",1.44,"60X120"," $726.98 "," $504.85 ",13.0430%," $439.00 "," $299.00 ","Hasta agotar existencias"
"Neostone","NEOS507","DEVICI SEPIA 60X120 1.44M2",1.44,"60X120"," $726.98 "," $504.85 ",13.0430%," $439.00 "," $359.00 ",
"Neostone","NEOS508","FLOW GREY 60X120 1.44M2",1.44,"60X120"," $726.98 "," $504.85 ",13.0430%," $439.00 "," $429.00 ",
"Neostone","NEOS509","FLOW WHITE 60X120 1.44M2",1.44,"60X120"," $726.98 "," $504.85 ",13.0430%," $439.00 "," $429.00 ",
"Neostone","NEOS510","FARO GREY 60X120 1.44M2",1.44,"60X120"," $726.98 "," $504.85 ",13.0430%," $439.00 "," $299.00 ","Hasta agotar existencias"
"Neostone","NEOS511","DEVICI GREY 60X120 1.44M2",1.44,"60X120"," $726.98 "," $504.85 ",13.0430%," $439.00 "," $359.00 ",
"Neostone","NEOS512","DEVICI CREMA 60X120 1.44M2",1.44,"60X120"," $726.98 "," $504.85 ",13.0430%," $439.00 "," $359.00 ",
"Neostone","NEOS513","DEVICI DESERT 60X120 1.44M2",1.44,"60X120"," $726.98 "," $504.85 ",13.0430%," $439.00 "," $359.00 ",
"Neostone","NEOS514","FLAVIA 60X120 1.44M2",1.44,"60X120"," $726.98 "," $504.85 ",13.0430%," $439.00 "," $429.00 ",
"Neostone","NEOS515","FLAVIA ROSE 60X120 1.44M2",1.44,"60X120"," $726.98 "," $504.85 ",13.0430%," $439.00 "," $429.00 ",
"Neostone","NEOS516","GLACIER ONYX 60X120 1.44M2",1.44,"60X120"," $726.98 "," $504.85 ",13.0430%," $439.00 "," $429.00 ",
"Neostone","NEOS517","GLACIER ONYX GREY 60X120 1.44M2",1.44,"60X120"," $726.98 "," $504.85 ",13.0430%," $439.00 "," $429.00 ",
"Neostone","NEOS520","DEVICI GRIS 60X120 1.44M2",1.44,"60X120"," $726.98 "," $504.85 ",13.0430%," $439.00 "," $359.00 ",
"Neostone","NEOS521","SIERRA NEVADA (C126G0000QB) 60X120 2.16M2",2.16,"60X120"," $1,090.48 "," $504.85 ",13.0438%," $439.00 "," $429.00 ",
"Neostone","NEOS522","GOBLIN GREY (SH6121401Q) 60X120 2.16M2",2.16,"60X120"," $1,090.48 "," $504.85 ",13.0438%," $439.00 "," $429.00 ",
"Neostone","NEOS523","CLOUD SILVER (JA612010Q) 60X120 2.16M2",2.16,"60X120"," $1,090.48 "," $504.85 ",13.0438%," $439.00 "," $429.00 ",
"Neostone","NEOS524","ORLOK BIANCO (SH6126101Q) 60X120 2.16 M2",2.16,"60X120"," $1,090.48 "," $504.85 ",13.0438%," $439.00 "," $379.00 ",
"Neostone","NEOS148","ZET CORAL 60X120 1.44 M2",1.44,"60X120"," $809.00 "," $561.81 ",20.0791%," $449.00 "," $439.00 ",
"Neostone","NEOS247","COAL MATT 60X120 1.44M2",1.44,"60X120"," $1,029.00 "," $714.58 ",37.1662%," $449.00 "," $359.00 ",
"Neostone","NEOS424","BLACK STORM DARK MATT 60X120 1.44 M2",1.44,"60X120"," $1,029.00 "," $714.58 ",37.1662%," $449.00 "," $439.00 ",
"Neostone","NEOS423","LENART BLACK DARK MATT 60X120 1.44 M2",1.44,"60X120"," $1,029.00 "," $714.58 ",37.1662%," $449.00 "," $439.00 ",
"Neostone","NEOS060","STENCIL DECOR 60X120 1.44 M2",1.44,"60X120"," $809.00 "," $561.81 ",18.2991%," $459.00 "," $449.00 ",
"Neostone","NEOS360","ELITE STATUARIO PL 60X120 1.44 M2",1.44,"60X120"," $899.00 "," $624.31 ",24.8765%," $469.00 "," $459.00 ",
"Neostone","NEOS208","IMPERIAL PEARL 60X120 1.44M2",1.44,"60X120"," $899.00 "," $624.31 ",24.8765%," $469.00 "," $459.00 ",
"Neostone","NEOS395","ARMANI CASTAL 9MM 60X120 1.44M2",1.44,"60X120"," $899.00 "," $624.31 ",21.6730%," $489.00 "," $479.00 ",
"Neostone","NEOS442","RICHEN BLUE HG 60X120 1.44 M2",1.44,"60X120"," $869.00 "," $603.47 ",18.9689%," $489.00 "," $479.00 ",
"Neostone","MALAGA60X120","MALAGA MATT 60X120 1.44M2",1.44,"60X120"," $899.00 "," $624.31 ",21.6730%," $489.00 "," $479.00 ",
"Neostone","NEOS163","PANDORA LIGHT 60X120 1.44 M2",1.44,"60X120"," $899.00 "," $624.31 ",21.6730%," $489.00 "," $479.00 ",
"Neostone","NEOS164","PANDORA DARK 60X120 1.44 M2",1.44,"60X120"," $899.00 "," $624.31 ",21.6730%," $489.00 "," $479.00 ",
"Neostone","NEOS144","IMPERIAL SMOKY 60X120 1.44M2",1.44,"60X120"," $899.00 "," $624.31 ",21.6730%," $489.00 "," $479.00 ",
"Neostone","NEOS141","HK099 BLACK ANTHRACITE 60X120 1.44 M2 CLN LMOCHIS",1.44,"60X120"," $899.00 "," $624.31 ",21.6730%," $489.00 "," $479.00 ",
"Neostone","NEOS118","BLACK ANTHRACITE 60X120 1.44 M2 SOLO MAZATLAN",1.44,"60X120"," $899.00 "," $624.31 ",21.6730%," $489.00 "," $479.00 ",
"Neostone","CORDO60X120","CORDOBA 60X120 1.44M2 ",1.44,"60X120"," $899.00 "," $624.31 ",21.6730%," $489.00 "," $479.00 ",
"Neostone","NEOS444","STATUARIO ENFOLD GL 60X120 1.44 M2",1.44,"60X120"," $899.00 "," $624.31 ",21.6730%," $489.00 "," $429.00 ",
"Neostone","NEOS445","BRANCO WHITE GL 60X120 1.44 M2",1.44,"60X120"," $899.00 "," $624.31 ",21.6730%," $489.00 "," $429.00 ",
"Neostone","NEOS446","STARRY SILVER GL 60X120 1.44 M2",1.44,"60X120"," $899.00 "," $624.31 ",21.6730%," $489.00 "," $429.00 ",
"Neostone","NEOS447","STARRY GREY GL 60X120 1.44 M2",1.44,"60X120"," $899.00 "," $624.31 ",21.6730%," $489.00 "," $429.00 ",
"Neostone","NEOS448","ESMERALD STONE BL 60X120 1.44 M2",1.44,"60X120"," $899.00 "," $624.31 ",21.6730%," $489.00 "," $429.00 ",
"Neostone","NEOS449","GUANXI WHITE HG 60X120 1.44 M2",1.44,"60X120"," $899.00 "," $624.31 ",21.6730%," $489.00 "," $479.00 ",
"Neostone","NEOS439","PLAIN BLACK 60X120 1.44M2",1.44,"60X120"," $899.00 "," $624.31 ",21.6730%," $489.00 "," $479.00 ",
"Neostone","RODE60X120","RODEIRO 60X120 1.44 M2",1.44,"60X120"," $869.00 "," $603.47 ",13.9977%," $519.00 "," $509.00 ",
"Neostone","NEOS499","ABSOLUTE BLACK 60X120 CM 1.44 M2",1.44,"60X120"," $899.00 "," $624.31 ",16.8676%," $519.00 "," $509.00 ",
"Neostone","NEOS500","MISTICEO BLACK 60X120 CM 1.44 M2",1.44,"60X120"," $869.00 "," $603.47 ",13.9977%," $519.00 "," $459.00 ",
"Neostone","NEOS097","BLACK MARQUINA 60X120 1.44 M2",1.44,"60X120"," $869.00 "," $603.47 ",13.9977%," $519.00 "," $509.00 ",
"Neostone","NEOS125","LENART BLACK 60X120 1.44 M2",1.44,"60X120"," $899.00 "," $624.31 ",16.8676%," $519.00 "," $509.00 ",
"Neostone","NEOS212","BLACK STORM 60X120 1.44 M2",1.44,"60X120"," $1,029.00 "," $714.58 ",27.3703%," $519.00 "," $509.00 ",
"Neostone","NEOS443","GOLDEN STORM 60X120 1.44M2",1.44,"60X120"," $892.58 "," $619.85 ",13.0431%," $539.00 "," $529.00 ",
"Neostone","NEOS211","DARK PHOENIX 60X120 1.44 M2",1.44,"60X120"," $1,029.00 "," $714.58 ",14.7755%," $609.00 "," $599.00 ",
"Neostone","NEOS454","DALLAS GREY MATT 60X60 1.44 M2",1.44,"60X60"," $469.00 "," $325.69 ",26.6183%," $239.00 "," $229.00 ",
"Neostone","NEOS455","MARMOL ITALIA MATT 60X60 1.44 M2",1.44,"60X60"," $469.00 "," $325.69 ",26.6183%," $239.00 "," $229.00 ",
"Neostone","NEOS456","AUSTIN DARK GREY MATT 60X60 1.44 M2",1.44,"60X60"," $469.00 "," $325.69 ",26.6183%," $239.00 "," $229.00 ",
"Neostone","NEOS457","AUSTIN LIGHT GREY MATT 60X60 1.44 M2",1.44,"60X60"," $469.00 "," $325.69 ",26.6183%," $239.00 "," $189.00 ","Hasta agotar existencias"
"Neostone","NEOS458","ONYX MATT 60X60 1.44 M2",1.44,"60X60"," $469.00 "," $325.69 ",26.6183%," $239.00 "," $229.00 ",
"Neostone","NEOS495","SAN  ANTONIO MATT 60X60 1.44 M2",1.44,"60X60"," $469.00 "," $325.69 ",26.6183%," $239.00 "," $229.00 ",
"Neostone","NEOS460","PARADISO BIANCO MATT 60X60 1.44 M2",1.44,"60X60"," $469.00 "," $325.69 ",26.6183%," $239.00 "," $189.00 ","Hasta agotar existencias"
"Neostone","NEOS461","SAN ANGELO MATT 60X60 1.44 M2",1.44,"60X60"," $469.00 "," $325.69 ",26.6183%," $239.00 "," $189.00 ","Hasta agotar existencias"
"Neostone","CPM001","PISO PORCELANICO RECT Mieres 60X60 CAJA 1.44",1.44,"60X60"," $412.34 "," $286.35 ",13.0426%," $249.00 "," $239.00 ",
"Neostone","NEOS018","OCEAN 60X60 1.44 M2",1.44,"60X60"," $412.34 "," $286.35 ",13.0426%," $249.00 "," $239.00 ",
"Neostone","NEOS338","TERUEL 60X60 1.44 M2",1.44,"60X60"," $412.34 "," $286.35 ",13.0426%," $249.00 "," $199.00 ",
"Neostone","NEOS140","PETRA NOVA GREY SATIN 60X60 1.44 M2",1.44,"60X60"," $599.00 "," $415.97 ",32.9282%," $279.00 "," $269.00 ",
"Neostone","NEOS058","NEPTUNE STATUARIO MATT 60X60 1.44 M2",1.44,"60X60"," $649.00 "," $450.69 ",27.0015%," $329.00 "," $319.00 ",
"Neostone","MALAGA60X60","MALAGA 60X60 1.44 M2",1.44,"60X60"," $649.00 "," $450.69 ",27.0015%," $329.00 "," $319.00 ",
"Neostone","NEOS019","STENCIL LT 60X60 1.44 M2",1.44,"60X60"," $649.00 "," $450.69 ",24.7827%," $339.00 "," $329.00 ",
"Neostone","NEOS057","NEPTUNE STATUARIO POLISH 60X60 1.44 M2",1.44,"60X60"," $649.00 "," $450.69 ",24.7827%," $339.00 "," $329.00 ",
"Neostone","CGP027","SIERRA NEVADA 60X60 1.44 M2",1.44,"60X60"," $627.62 "," $435.85 ",19.9261%," $349.00 "," $339.00 ",
"Neostone","EVEREST60X60","EVEREST 60X60 1.44 M2",1.44,"60X60"," $649.00 "," $450.69 ",22.5639%," $349.00 "," $339.00 ",
"Neostone","CORDO60X60","CORDOBA 60x60 1.44 M2",1.44,"60X60"," $599.00 "," $415.97 ",16.1002%," $349.00 "," $339.00 ",
"Neostone","NEOS154","PETRA NOVA GREY PL 60X60 1.44 M2",1.44,"60X60"," $627.62 "," $435.85 ",13.0429%," $379.00 "," $369.00 ",
"Neostone","CGP002","BILBAO 60x60 1.44 M2",1.44,"60X60"," $644.18 "," $447.35 ",13.0429%," $389.00 "," $379.00 ",
"Neostone","CPL0060","LANJARON 60X60 CAJA 1.44 M2",1.44,"60X60"," $644.18 "," $447.35 ",13.0429%," $389.00 "," $379.00 ",
"Neostone","NEOS333","CREMA VALENCIA 60X60 1.44 M2",1.44,"60X60"," $699.00 "," $485.42 ",17.8026%," $399.00 "," $389.00 ",
"Neostone","NEOS362","CALABRIA BEIGE MATT 60X60 1.44 M2",1.44,"60X60"," $759.00 "," $527.08 ",14.8142%," $449.00 "," $439.00 ",
"Neostone","NEOS363","CALABRIA GREY MATT 60x60 1.44M2",1.44,"60X60"," $759.00 "," $527.08 ",14.8142%," $449.00 "," $439.00 ",
"Neostone","NEOS364","CALABRIA WHITE MATT 60X60 1.44M2",1.44,"60X60"," $759.00 "," $527.08 ",14.8142%," $449.00 "," $439.00 ",
"Neostone","NEOS207","MIDNIGHT 60X60 1.44 M2",1.44,"60X60"," $759.00 "," $527.08 ",14.8142%," $449.00 "," $439.00 ",
"Neostone","NEOS365","CALABRIA BLACK MATT 60X60 1.44M2",1.44,"60X60"," $799.00 "," $554.86 ",15.4743%," $469.00 "," $459.00 ",
"Neostone","NEOS225","BLACK STORM 60X60 1.44 M2",1.44,"60X60"," $779.00 "," $540.97 ",11.4557%," $479.00 "," $469.00 ",
"Neostone","NEOS321","IMPERIAL (NERO ABSOLUTE) 60X60 1.44M2",1.44,"60X60"," $999.00 "," $693.75 ",20.8649%," $549.00 "," $249.00 ","Hasta agotar existencias"
"Neostone","INCN417","PONTA DO MEL 63X63 2.79m2 (PSI-63290R)",2.79,"63X63"," $899.00 "," $322.22 ",25.8276%," $239.00 "," $229.00 ",
"Neostone","INCF415","HERMÉS 74X74 2.19m2 (PHD70510R)",2.19,"74X74"," $829.00 "," $378.54 ",36.8625%," $239.00 "," $179.00 ","Hasta agotar existencias"
"Neostone","INCF413","RENATO 74X74 2.19m2 (PHD70200R)",2.19,"74X74"," $829.00 "," $378.54 ",36.8625%," $239.00 "," $229.00 ",
"Neostone","NEOS462","PRETORIA MATT (715009) 75X150 2.25M2",2.25,"75X150"," $1,699.00 "," $755.11 ",40.5386%," $449.00 "," $339.00 ","Hasta agotar existencias"
"Neostone","NEOS317","CARRARA GLOSSY (75BT811) 75X150 2.25M2",2.25,"75X150"," $1,699.00 "," $755.11 ",18.0253%," $619.00 "," $609.00 ",
"Neostone","NEOS319","VICTORIA DARK GREY (XYN715FY203) 75X150 2.25M2",2.25,"75X150"," $1,699.00 "," $755.11 ",18.0253%," $619.00 "," $339.00 ","Hasta agotar existencias"
"Neostone","NEOS320","VICTORIA LIGHT GREY (XYN715FY107) 75X150 2.25M2",2.25,"75X150"," $1,699.00 "," $755.11 ",18.0253%," $619.00 "," $339.00 ","Hasta agotar existencias"
"Neostone","NEOS463","CLASSIC STATUARIO MATT (XYN75BT820) 75X150 2.25M2",2.25,"75X150"," $1,699.00 "," $755.11 ",18.0253%," $619.00 "," $599.00 ",
"Neostone","NEOS464","SAN MARTIN MATT (TM2741) 75X150 2.25M2",2.25,"75X150"," $1,699.00 "," $755.11 ",18.0253%," $619.00 "," $599.00 ",
"Neostone","NEOS425","CARRARA GOLD 75X150 2.25M2",2.25,"75X150"," $1,808.66 "," $803.85 ",13.0434%," $699.00 "," $689.00 ",
"Neostone","NEOS161","NEO CARRARA 80X160 2.56 M2",2.56,"80X160"," $2,327.00 "," $908.98 ",45.1036%," $499.00 "," $349.00 ","Hasta agotar existencias"
"Neostone","NEOS235","LAURENT BLUE 80X160 2.56 M2",2.56,"80X160"," $2,587.00 "," $1,010.55 ",50.6208%," $499.00 "," $349.00 ","Hasta agotar existencias"
"Neostone","NEOS339","CLASSIC STATUARIO 80X160 2.56M2",2.56,"80X160"," $2,067.00 "," $807.42 ",28.2903%," $579.00 ",,
"Neostone","NEOS490","TOLEDO IVORY 80X160 2.56 M2",2.56,"80X160"," $2,067.00 "," $807.42 ",28.2903%," $579.00 ",,
"Neostone","NEOS230","TOLEDO CREMA (ARMANI CREMA) 80X160 2.56 M2",2.56,"80X160"," $2,067.00 "," $807.42 ",28.2903%," $579.00 ",,
"Neostone","NEOS340","SIERRA NEVADA 80X160 2.56M2",2.56,"80X160"," $2,327.00 "," $908.98 ",29.7018%," $639.00 ",,
"Neostone","NEOS341","STATUARIO ORO 80X160 2.56M2",2.56,"80X160"," $2,327.00 "," $908.98 ",29.7018%," $639.00 ",,
"Neostone","NEOS228","DOWNTON GREY 80X160 2.56 M2",2.56,"80X160"," $2,327.00 "," $908.98 ",29.7018%," $639.00 ",,
"Neostone","NEOS229","CALCUTTA BIANCO 80X160 2.56 M2",2.56,"80X160"," $2,327.00 "," $908.98 ",29.7018%," $639.00 ",,
"Neostone","NEOS231","BAYONA SMOKE 80X160 2.56 M2",2.56,"80X160"," $2,327.00 "," $908.98 ",29.7018%," $639.00 ",,
"Neostone","NEOS232","TOLEDO BIANCO 80X160 2.56 M2",2.56,"80X160"," $2,327.00 "," $908.98 ",29.7018%," $639.00 ",,
"Neostone","NEOS233","TOLEDO GREY 80X160 2.56 M2",2.56,"80X160"," $2,327.00 "," $908.98 ",29.7018%," $639.00 ",,
"Neostone","NEOS340","SIERRA NEVADA 80X160 2.56M2",2.56,"80X160"," $2,327.00 "," $908.98 ",29.7018%," $639.00 ",,
"Neostone","NEOS341","STATUARIO ORO 80X160 2.56M2",2.56,"80X160"," $2,327.00 "," $908.98 ",29.7018%," $639.00 ",,
"Neostone","NEOS234","AMAZONITE VERDE 80X160 2.56 M2",2.56,"80X160"," $2,587.00 "," $1,010.55 ",31.8191%," $689.00 ",,
"Neostone","NEOS453","LABRADORITE NATURAL HG 80x160 2.56 m2",2.56,"80X160"," $2,587.00 "," $1,010.55 ",31.8191%," $689.00 ",,
"Neostone","NEOS497","STATUARIO EVA  80X80 1.92 M2",1.92,"80X80"," $999.00 "," $520.31 ",29.0811%," $369.00 ",,
"Neostone","CGP014","SIERRA NEVADA 80X80 1.92 M2",1.92,"80X80"," $999.00 "," $520.31 ",21.3934%," $409.00 ",,
"Neostone","NEOS335","CARRARA GOLD (MT918005) 90X180 1.62M2",1.62,"90X180"," $1,807.00 "," $1,115.43 ",41.8163%," $649.00 ",,
"Neostone","NEOS332","GILACIER (XYN98BT016) 90X180 1.62M2",1.62,"90X180"," $1,807.00 "," $1,115.43 ",41.8163%," $649.00 ",,
"Neostone","NEOS330","STATUARIO I  90X180 3.24M2",3.24,"90X180"," $3,614.00 "," $1,115.43 ",41.8163%," $649.00 ",,
"Neostone","NEOS427","STATUARIO I 90X180 1.62M2",1.62,"90X180"," $1,807.00 "," $1,115.43 ",41.8163%," $649.00 ",,
"Neostone","NEOS336","STATUARIO II 90X180 3.24M2",3.24,"90X180"," $3,614.00 "," $1,115.43 ",41.8163%," $649.00 ",,
"Neostone","NEOS337","TARRASA DARK GREY (DPN918FY203) 90X180 1.62M2",1.62,"90X180"," $1,807.00 "," $1,115.43 ",41.8163%," $649.00 ",,
"Neostone","NEOS334","TARRASA LIGHT GREY (DPN918FY102) 90X180 1.62M2",1.62,"90X180"," $1,807.00 "," $1,115.43 ",41.8163%," $649.00 ",,
"Neostone","NEOS331","TURKISH RED ROOT (DPN918L231) 90X180 1.62M2",1.62,"90X180"," $1,807.00 "," $1,115.43 ",41.8163%," $649.00 ",,
"Neostone","NEOS316","CARRARA GLOSSY (918L102) 90X180 1.62M2",1.62,"90X180"," $1,807.00 "," $1,115.43 ",33.7476%," $739.00 ",,
"Neostone","NEOS318","STATUARIO GLOSSY (918L008) 90X180 1.62M2",1.62,"90X180"," $1,807.00 "," $1,115.43 ",33.7476%," $739.00 ",,
"Neostone","NEOS116","NEO CARRARA 90X180 3.24M2",3.24,"90X180"," $3,770.00 "," $1,163.58 ",31.3326%," $799.00 ",,
"Neostone","NEOS308","Indoor Wall Panel Black 2900x165x25 0.4785 m2",1,"Pieza"," $549.00 "," $549.00 ",71.0383%," $159.00 ",,
"Neostone","NEOS311","Indoor Wall Panel Brown 2900x165x25 0.4785 m2",1,"Pieza"," $549.00 "," $549.00 ",71.0383%," $159.00 ",,
"Neostone","NEOS312","Indoor Wall Panel EPgreywood 2900x195x12 0.5655 m2",1,"Pieza"," $549.00 "," $549.00 ",71.0383%," $159.00 ",,
"Neostone","NEOS313","Indoor Wall Panel Golden Teak 2900x195x12 0.5655 m2",1,"Pieza"," $549.00 "," $549.00 ",71.0383%," $159.00 ",,
"Neostone","NEOS309","Indoor Wall Panel Grey 2900x165x25 0.4785 m2",1,"Pieza"," $549.00 "," $549.00 ",71.0383%," $159.00 ",,
"Neostone","NEOS426","Indoor Wall Panel Nogal 2900x165x25 0.4785 m2",1,"Pieza"," $549.00 "," $549.00 ",71.0383%," $159.00 ",,
"Neostone","NEOS310","Indoor Wall Panel Teak 2900x165x25 0.4785 m2",1,"Pieza"," $549.00 "," $549.00 ",71.0383%," $159.00 ",,
"Neostone","NEOS307","Indoor Wall Panel White 2900x165x25 0.4785 m2",1,"Pieza"," $549.00 "," $549.00 ",71.0383%," $159.00 ",,
"Neostone","NEOS399","PS Wall Panel Black Gold 2900x120x12 0.3480 m2",1,"Pieza"," $549.00 "," $549.00 ",71.0383%," $159.00 ",,
"Neostone","NEOS400","PS Wall Panel Brown Gold 2900x120x12 0.3480 m2",1,"Pieza"," $549.00 "," $549.00 ",71.0383%," $159.00 ",,
"Neostone","NEOS401","PS Wall Panel White Gold 2900x120x12 0.3480 m2",1,"Pieza"," $549.00 "," $549.00 ",71.0383%," $159.00 ",,
"Neostone","NEOS486","Indoor Viga WPC Teak 2900x100x50",1,"Pieza"," $599.00 "," $599.00 ",66.7780%," $199.00 ",,
"Neostone","NEOS485","Indoor Viga WPC Walnut 2900x100x50",1,"Pieza"," $599.00 "," $599.00 ",66.7780%," $199.00 ",,
"Neostone","NEOS025","CALACATTA GOLD HEXAGON 28.5X33 1M2",1,"28.5x33"," $238.80 "," $238.80 ",12.4791%," $209.00 ",,
"Neostone","NEOS190","MANHATTAN COTTO 31X56 1.21M2",1.21,"31x56"," $288.95 "," $238.80 ",12.4791%," $209.00 ",,
"Neostone","INCF417","BABEL GRAY BR HDM36920R 35x70 1.68 m2",1.68,"35x70"," $659.00 "," $392.26 ",41.6206%," $229.00 "," $219.00 ",
"Neostone","INCF416","CALACATTA NATURAL BR HDM36910R 35x70 1.68 m2",1.68,"35x70"," $659.00 "," $392.26 ",41.6206%," $229.00 "," $219.00 ",
"Neostone","INCF419","IROKO SATIN HDM37260R 35x70 1.68 m2",1.68,"35x70"," $659.00 "," $392.26 ",41.6206%," $229.00 "," $159.00 ","Hasta agotar existencias"
"Neostone","INCN420","ALTO DA SÉ 63X63 2.79m2 (PSI-63570R)",2.79,"63X63"," $899.00 "," $322.22 ",25.8276%," $239.00 "," $229.00 ",
"Neostone","NEOS380","MALLA AVEIRO 30.5X30.5",1,"30.5x30.5"," $319.00 "," $319.00 ",25.0000%," $239.25 ",,
"Neostone","NEOS381","MALLA ÉVORA 30.5X30.5",1,"30.5x30.5"," $319.00 "," $319.00 ",25.0000%," $239.25 ",,
"Neostone","NEOS378","MALLA LAGOS 30.2X26.2",1,"30.2x26.2"," $332.00 "," $332.00 ",25.0000%," $249.00 ",,
"Neostone","NEOS379","MALLA MADEIRA 30.2X26.2",1,"30.2x26.2"," $332.00 "," $332.00 ",25.0000%," $249.00 ",,
"Neostone","NEOS219","ANTICATO NERO CARVING  60 X 120 CM 5MM 2.88M2",2.88,"60x120"," $1,339.00 "," $464.93 ",35.6893%," $299.00 "," $289.00 ",
"Neostone","NEOS217","CEMENT ICE  MATTE 60 X 120 CM 5MM 2.88 M2",2.88,"60x120"," $1,339.00 "," $464.93 ",35.6893%," $299.00 "," $289.00 ",
"Neostone","NEOS214","COTTI GREY MATTE 60 X 120 CM 5MM 2.88 M2",2.88,"60x120"," $1,339.00 "," $464.93 ",35.6893%," $299.00 "," $189.00 ","Hasta agotar existencias"
"Neostone","NEOS205","BILBAO 80X80 1.92 M2",1.92,"80x80"," $999.00 "," $520.31 ",29.0811%," $369.00 ",,
"Neostone","NEOS206","CORN WHITE 80X80 1.92 M2",1.92,"80x80"," $999.00 "," $520.31 ",29.0811%," $369.00 ",,
"Neostone","CPL00180","LANJARON 80X80 1.92 M2",1.92,"80x80"," $999.00 "," $520.31 ",29.0811%," $369.00 ",,
"Neostone","NEOS024"," RIOJA SLATE 31X56 1.21 M2",1.21,"31x31"," $790.00 "," $652.89 ",34.2924%," $429.00 ",,
"Neostone","NEOS466","LIFE TORTORA MATT 20X120 1.20M2",1.2,"20x20"," $729.00 "," $607.50 ",17.8601%," $499.00 "," $489.00 ",
"Neostone","MARVALB20X120","MARVAL BEIGE 20X120CM 1.20M2/CJ",1.2,"20x20"," $729.00 "," $607.50 ",17.8601%," $499.00 "," $489.00 ",
"Neostone","NEOS397","Exterior WPC Wall Panel Grey 2900x220x26 0.6380 m2",1,"Pieza"," $890.00 "," $890.00 ",32.6966%," $599.00 ",,
"Neostone","NEOS396","Exterior WPC Wall Panel Rosewood 2900x220x26 0.6380 m2",1,"Pieza"," $890.00 "," $890.00 ",32.6966%," $599.00 ",,
"Neostone","NEOS398","Exterior WPC Wall Panel Teak 2900x220x26 0.6380 m2",1,"Pieza"," $890.00 "," $890.00 ",32.6966%," $599.00 ",,
"Neostone","NEOS343"," PISO VINÍLICO SPC DARK GREY 6006-8 1240X182X5MM 2.70M2",1,"Pieza"," $942.30 "," $942.30 ",3.0001%," $914.03 ",,
"Neostone","NEOS344"," PISO VINÍLICO SPC NATURAL CD7331-2 1240X182X5MM 2.70M2",1,"Pieza"," $942.30 "," $942.30 ",3.0001%," $914.03 ",,
"Neostone","NEOS342"," PISO VINÍLICO SPC TABACO 3736-3 1240X182X5MM 2.70M2",1,"Pieza"," $942.30 "," $942.30 ",3.0001%," $914.03 ",,
"Neostone","NEOS402","UV PVC Marble Board Albania White 1220x2800x3mm 3.1416 m2 (8232)",1,"Pieza"," $1,590.00 "," $1,590.00 ",25.0000%," $1,192.50 ",,
"Neostone","NEOS404","UV PVC Marble Board Beijin Green 1220x2800x3mm 3.1416 m2 (S1221)",1,"Pieza"," $1,590.00 "," $1,590.00 ",25.0000%," $1,192.50 ",,
"Neostone","NEOS403","UV PVC Marble Board Bélgica Grey 1220x2800x3mm 3.1416 m2 (S1350)",1,"Pieza"," $1,590.00 "," $1,590.00 ",25.0000%," $1,192.50 ",,
"Neostone","NEOS405","UV PVC Marble Board Libano Black 1220x2800x3mm 3.1416 m2 (KL 8146)",1,"Pieza"," $1,590.00 "," $1,590.00 ",25.0000%," $1,192.50 ",,
"Neostone","NEOS406","UV PVC Marble Board Singapur Dark 1220x2800x3mm 3.1416 m2 (8231-2)",1,"Pieza"," $1,590.00 "," $1,590.00 ",25.0000%," $1,192.50 ",,
"Neostone","INCN419","TRAIRÍ 58X58 2.68m2 (PSI-66910)",1,"Pieza"," $829.00 "," $829.00 ",77.2014%," $189.00 ",,"Hasta agotar existencias"
