"Proveedor","Estatus","Categoría","Subcategoria","Codigo","Descripcion ","Udm","Metraje","Formato","Tipo","Tipologia ","Color","Acabado","Corte","Precio sistema Caja","Precio Regular M2","Descuento autorizado Oferta Final ","Oferta Final M2 ","Precio M2 con complementos"
"Vitromex","Master","Pisos ","Pisos Vitromex",520256440010061,"PISO ROMA HUESO 37X37 CM 2.11 M2","M2",2.11,"37x37","Cerámico","Marmol","Beige","Mate","No Rectificado"," $309.00 "," $146.45 ",18.74%," $119.00 "," $-   "
"Vitromex","Master","Pisos ","Pisos Vitromex",520256440011061,"PISO ROMA GRIS 37X37 CM 2.11 M2/CAJA","M2",2.11,"37x37","Cerámico","Marmol","Gris","Mate","No Rectificado"," $309.00 "," $146.45 ",18.74%," $119.00 "," $-   "
"Vitromex","Master","Pisos ","Pisos Vitromex",520256440026061,"PISO ROMA ARENA 37X37CM 2.11M2/CAJA","M2",2.11,"37x37","Cerámico","Marmol","Beige","Mate","No Rectificado"," $309.00 "," $146.45 ",18.74%," $119.00 "," $-   "
"Vitromex","Master","Pisos ","Pisos Vitromex","520256427010131LOT","MURO ROMA HUESO 20.1X30.2 CM 1.82 M2/CAJA","M2",1.82,"20.1x30.2","Cerámico","Marmol","Beige","Mate","No Rectificado"," $289.00 "," $158.79 ",18.76%," $129.00 "," $-   "
"Vitromex","Master","Pisos ","Pisos Vitromex",520256427011131,"MURO ROMA GRIS 20.1X30.2 CM 1.82 M2/CAJA","M2",1.82,"20.1x30.2","Cerámico","Marmol","Gris","Mate","No Rectificado"," $289.00 "," $158.79 ",18.76%," $129.00 "," $-   "
"Vitromex","Master","Pisos ","Pisos Vitromex","520256427026131LOT","MURO ROMA ARENA 20.1X30.2 CM 1.82 M2/CAJA","M2",1.82,"20.1x30.2","Cerámico","Marmol","Beige","Mate","No Rectificado"," $289.00 "," $158.79 ",18.76%," $129.00 "," $-   "
"Vitromex","Master","Pisos ","Pisos Vitromex",521606425007901,"PISO BRUMA BLANCO 35.7X35.7 1.78 M2","M2",1.78,"35.7x35.7","Cerámico","Piedra","Gris","Brillante","No Rectificado"," $299.00 "," $167.98 ",17.25%," $139.00 "," $-   "
"Vitromex","Master","Pisos ","Pisos Vitromex",522910425028901,"PISO MILA BEIGE35.7x35.7 1.78 M2","M2",1.78,"35.7x35.7","Cerámico","Marmol","Beige","Brillante","No Rectificado"," $299.00 "," $167.98 ",17.25%," $139.00 "," $-   "
"Daltile","Master","Pisos ","Pisos Daltile","GZ3515151P7","GZ35 37x37cm Navia Beige 1a. Cal  2.11M2","M2",2.11,"37x37","Cerámico","Marmol","Beige","Brillante","No Rectificado"," $389.00 "," $184.36 ",21.35%," $145.00 "," $135.00 "
"Daltile","Master","Pisos ","Pisos Daltile","GZ3615151P7","GZ36 37x37cm Navia Gris 1a. Cal 2.11M2","M2",2.11,"37x37","Cerámico","Marmol","Gris","Brillante","No Rectificado"," $389.00 "," $184.36 ",21.35%," $145.00 "," $135.00 "
"Vitromex","Master","Pisos ","Pisos Vitromex","520963427010131LOT","MURO ASPEN HUESO 20.1X30.2CM 1.82M2/CAJA","M2",1.82,"20.1x30.2","Cerámico","Marmol","Beige","Mate","No Rectificado"," $329.00 "," $180.77 ",17.57%," $149.00 "," $-   "
"Vitromex","Master","Pisos ","Pisos Vitromex","520963425010261LOT","PISO ASPEN HUESO 35.7X35.7 CM 1.78 M2","M2",1.78,"35.7x35.7","Cerámico","Marmol","Beige","Mate","No Rectificado"," $329.00 "," $184.83 ",19.39%," $149.00 "," $-   "
"Vitromex","Master","Pisos ","Pisos Vitromex",520963425007261,"PISO ASPEN BLANCO 35.7X35.7 CM 1.78 M2/CAJA","M2",1.78,"35.7x35.7","Cerámico","Marmol","Blanco","Mate","No Rectificado"," $329.00 "," $184.83 ",19.39%," $149.00 "," $-   "
"Vitromex","Master","Pisos ","Pisos Vitromex",522593425284261,"PISO COSALA HAYA 35.7X35.7 CM 1.78 M2/CAJA","M2",1.78,"35.7x35.7","Cerámico","Madera","Café","Brillante","No Rectificado"," $329.00 "," $184.83 ",19.39%," $149.00 "," $-   "
"Vitromex","Master","Pisos ","Pisos Vitromex",522595425007261,"PISO XILITLA BLANCO 35.7X35.7 CM 1.78 M2/CAJA","M2",1.78,"35.7x35.7","Cerámico","Monocolor","Blanco","Brillante","No Rectificado"," $329.00 "," $184.83 ",19.39%," $149.00 "," $-   "
"Vitromex","Master","Pisos ","Pisos Vitromex",522924440011061,"PISO MARISMA NEGRO 37x37 CM 2.11 M2/CAJA","M2",2.11,"37x37","Cerámico","Marmol","Negro","Brillante","No Rectificado"," $429.00 "," $203.32 ",26.72%," $149.00 "," $-   "
"Vitromex","Master","Pisos ","Pisos Vitromex",520906025010031,"PISO ROMA HUESO 40.3X40.3 CM 1.62 M2","M2",1.62,"40.3x40.3","Cerámico","Marmol","Beige","Mate","No Rectificado"," $299.00 "," $184.57 ",19.27%," $149.00 "," $-   "
"Vitromex","Master","Pisos ","Pisos Vitromex",520906025026131,"PISO ROMA GRIS 40.3X40.3 CM 1.62 M2 CAJA","M2",1.62,"40.3x40.3","Cerámico","Marmol","Gris","Mate","No Rectificado"," $299.00 "," $184.57 ",19.27%," $149.00 "," $-   "
"Vitromex","Master","Pisos ","Pisos Vitromex",520906025026031,"PISO ROMA ARENA 40.3X40.3 CM 1.62 M2 CAJA","M2",1.62,"40.3x40.3","Cerámico","Marmol","Beige","Mate","No Rectificado"," $299.00 "," $184.57 ",19.27%," $149.00 "," $-   "
"Vitromex","Master","Pisos ","Pisos Vitromex",522676325343061,"PISO CHAPALA FRESNO 18X60.6 CM 1.64 M2/CAJA","M2",1.64,"18x60.6","Cerámico","Madera","Beige","Mate","No Rectificado"," $379.00 "," $231.10 ",26.87%," $169.00 "," $149.00 "
"Vitromex","Master","Pisos ","Pisos Vitromex",522676325074061,"PISO CHAPALA PINO 18X60.6 CM 1.64 M2/CAJA","M2",1.64,"18x60.6","Cerámico","Madera","Beige","Mate","No Rectificado"," $379.00 "," $231.10 ",26.87%," $169.00 "," $-   "
"Vitromex","Master","Pisos ","Pisos Vitromex",522676325863061,"PISO CHAPALA ALBINO 18X60.6 CM 1.64 M2/CAJA","M2",1.64,"18x60.6","Cerámico","Madera","Gris","Mate","No Rectificado"," $379.00 "," $231.10 ",26.87%," $169.00 "," $-   "
"Vitromex","Master","Pisos ","Pisos Vitromex",522676325111061,"PISO CHAPALA MIEL 18X60.6 CM 1.64 M2/CAJA","M2",1.64,"18x60.6","Cerámico","Madera","Beige","Mate","No Rectificado"," $379.00 "," $231.10 ",26.87%," $169.00 "," $-   "
"Vitromex","Master","Pisos ","Pisos Vitromex",522838427124131,"MURO MAZAMITLA AZUL 20.1X30.2 CM 1.82 M2/CAJA","M2",1.82,"20.1x30.2","Cerámico","Marmol","Azul","Brillante","No Rectificado"," $379.00 "," $208.24 ",18.84%," $169.00 "," $-   "
"Vitromex","Master","Pisos ","Pisos Vitromex",522838427125131,"MURO MAZAMITLA CREMA 20.1X30.2 CM 1.82 M2/CAJA","M2",1.82,"20.1x30.2","Cerámico","Marmol","Beige","Brillante","No Rectificado"," $379.00 "," $208.24 ",18.84%," $169.00 "," $-   "
"Vitromex","Master","Pisos ","Pisos Vitromex",522838427011131,"MURO MAZAMITLA GRIS 20.1X30.2 CM 1.82 M2/CAJA","M2",1.82,"20.1x30.2","Cerámico","Marmol","Gris","Brillante","No Rectificado"," $379.00 "," $208.24 ",18.84%," $169.00 "," $-   "
"Vitromex","Master","Pisos ","Pisos Vitromex",522838427098131,"MURO MAZAMITLA VERDE 20.1X30.2 CM 1.82 M2/CAJA","M2",1.82,"20.1x30.2","Cerámico","Marmol","Verde","Brillante","No Rectificado"," $379.00 "," $208.24 ",18.84%," $169.00 "," $-   "
"Vitromex","Master","Pisos ","Pisos Vitromex",522979425007901,"PISO MARMOLIZA BLANCO 35.7X35.7 1.78 M2","M2",1.78,"35.7x35.7","Cerámico","Marmol","Blanco","Brillante","No Rectificado"," $369.00 "," $207.30 ",18.48%," $169.00 "," $-   "
"Vitromex","Master","Pisos ","Pisos Vitromex",522676325847061,"PISO CHAPALA ABEDUL 18X60.6 CM 1.64 M2/CAJA","M2",1.64,"18x60.6","Cerámico","Madera","Café","Mate","No Rectificado"," $379.00 "," $231.10 ",26.87%," $169.00 "," $159.00 "
"Daltile","Master","Pisos ","Pisos Daltile","GSZ12424C1P7","GSZ1 60.5 cm x 60.5 cm Spazio Cream 1a. Cal. 1.825M2","M2",1.825,"60.5x60.5","Cerámico","Piedra","Beige","Mate","No Rectificado"," $544.00 "," $298.08 ",43.30%," $169.00 ",
"Vitromex","Master","Pisos ","Pisos Vitromex",522531090011021,"PISO CANEA GRIS 45X45 CM 1.62 M2/CAJA","M2",1.62,"45x45","Cerámico","Marmol","Gris","Mate","No Rectificado"," $359.00 "," $221.60 ",19.23%," $179.00 "," $-   "
"Vitromex","Master","Pisos ","Pisos Vitromex",522531090003021,"PISO CANEA MARRON 45X45 CM 1.62 M2/CAJA","M2",1.62,"45x45","Cerámico","Marmol","Café","Mate","No Rectificado"," $359.00 "," $221.60 ",19.23%," $179.00 "," $-   "
"Vitromex","Master","Pisos ","Pisos Vitromex",522546090028021,"PISO CORFÚ BEIGE 45X45 CM 1.62 M2/CAJA","M2",1.62,"45x45","Cerámico","Piedra","Beige","Mate","No Rectificado"," $359.00 "," $221.60 ",19.23%," $179.00 "," $-   "
"Vitromex","Master","Pisos ","Pisos Vitromex",522546090567021,"PISO CORFÚ GRAFITO 45X45 CM 1.62M2 CAJA","M2",1.62,"45x45","Cerámico","Piedra","Gris","Mate","No Rectificado"," $359.00 "," $221.60 ",19.23%," $179.00 "," $-   "
"Vitromex","Master","Pisos ","Pisos Vitromex",521282090056021,"PISO VELVET MARFIL 45X45 CM 1.62 M2 CAJA","M2",1.62,"45x45","Cerámico","Marmol","Beige","Mate","No Rectificado"," $359.00 "," $221.60 ",19.23%," $179.00 "," $-   "
"Daltile","Master","Pisos ","Pisos Daltile","ZLC015151P7","ZLC0 37cm x 37cm Lucca Bianco 1a Cal. 2.11M2","M2",2.11,"37x37","Cerámico","Marmol","Blanco","Brillante","No Rectificado"," $469.00 "," $222.27 ",19.47%," $179.00 "," $169.00 "
"Renujal","Master","Pisos ","Pisos Renujal ","CAS2005 ","PISO OLYMPIA BIANCO 47X47 1.99M2","M2",1.99,"47X47","Cerámico","Marmol","blanco","Brillo","Rectificado"," $429.00 "," $215.58 ",16.97%," $179.00 "," $169.00 "
"Renujal","Master","Pisos ","Pisos Renujal ","CAS20008","PISO CARRARA GOLD 47X47 1.99M2","M2",1.99,"47X47","Cerámico","Marmol",,"Brillo","No Rectificado"," $429.00 "," $215.58 ",16.97%," $179.00 "," $159.00 "
"Renujal","Master","Pisos ","Pisos Renujal ","CAS10024510","HALO 66 IVORY 60X60 5 PZS 1.80M2","M2",1.8,"60X60","Cerámico","Piedra","Beige","Mate","No Rectificado"," $409.00 "," $227.22 ",18.58%," $185.00 "," $-   "
"Renujal","Master","Pisos ","Pisos Renujal ","CAS10024511","HALO 66 SILVER 60X60 5 PZS 1.80M2","M2",1.8,"60X60","Cerámico","Piedra","Gris","Mate","No Rectificado"," $409.00 "," $227.22 ",18.58%," $185.00 ",
"Vitromex","Master","Pisos ","Pisos Vitromex",522125413496351,"PISO AMAZONIAN CLIFF 18X60.6 CM 1.64 M2/CAJA TE","M2",1.64,"18x60.6","Cerámico","Madera","Beige","Mate","No Rectificado"," $449.00 "," $273.78 ",30.97%," $189.00 "," $-   "
"Renujal","Master","Pisos ","Pisos Renujal ","CAS100138","TANGER 26 ROBLE 22.5X60 14PZ 1.89M2","M2",1.89,"22.5X60","Cerámico","Madera","Café","Mate","No Rectificado"," $429.00 "," $226.98 ",21.14%," $179.00 "," $169.00 "
"Renujal","Master","Pisos ","Pisos Renujal ","CAS100192","TANGER 26 NOGAL 22.5X60 14PZ 1.89M2","M2",1.89,"22.5X60","Cerámico","Madera","Café","Mate","No Rectificado"," $429.00 "," $226.98 ",16.73%," $189.00 "," $179.00 "
"Renujal","Master","Pisos ","Pisos Renujal ","CAS100144","TANGER 26 GRIS 22.5X60 14PZ 1.89M2","M2",1.89,"22.5X60","Cerámico","Madera","Gris","Mate","No Rectificado"," $429.00 "," $226.98 ",16.73%," $189.00 "," $179.00 "
"Renujal","Master","Pisos ","Pisos Renujal ","CAS100184","PISO FRESNO 26 NUEZ 22.5X60 14PZ 1.89M2","M2",1.89,"22.5X60","Cerámico","Madera","Café","Mate","No Rectificado"," $429.00 "," $226.98 ",21.14%," $179.00 "," $169.00 "
"Renujal","Master","Pisos ","Pisos Renujal ","CAS7694","PISO AMAZONAS HONEY 22.5X60 1.89 M2","M2",1.89,"22.5X60","Cerámico","Madera","Café","Mate","No Rectificado"," $409.00 "," $216.40 ",21.90%," $169.00 "," $159.00 "
"Daltile","Master","Pisos ","Pisos Daltile","ZDM1720B1P2","ZDM1 18X50 Sunwood Natural 1a. Cal 1.08M2","M2",1.08,"18x50","Cerámico","Madera","Beige","Mate","No Rectificado"," $239.00 "," $221.30 ",14.59%," $189.00 "," $179.00 "
"Daltile","Master","Pisos ","Pisos Daltile","GLD3720B1P2","GLD3 18 cm x 50 cm Legend Natural 1a. Cal 1.08M2","M2",1.08,"18x50","Cerámico","Madera","Beige","Mate","No Rectificado"," $259.00 "," $239.81 ",21.19%," $189.00 "," $179.00 "
"Daltile","Master","Pisos ","Pisos Daltile","ZDM27241","ZDM2 18 cm x 60 cm Sunwood Miel 1a. Cal 1.64 m2","M2",1.64,"18x60","Cerámico","Madera","Beige","Mate","No Rectificado"," $549.00 "," $334.76 ",43.54%," $189.00 "," $179.00 "
"Daltile","Master","Pisos ","Pisos Daltile","ZLW57241","ZLW5 18 cm x 60 cm Living Wood Gray 1a. Cal 1.64 m2","M2",1.64,"18x60","Cerámico","Madera","Gris","Mate","No Rectificado"," $399.00 "," $243.29 ",22.32%," $189.00 "," $179.00 "
"Renujal","Master","Pisos ","Pisos Renujal ","CAS7695","PISO AMAZONAS GREY 22.5X60 1.89 M2","M2",1.89,"22.5X60","Cerámico","Madera","gris","Mate","No Rectificado"," $409.00 "," $216.40 ",17.28%," $179.00 "," $169.00 "
"Renujal","Master","Pisos ","Pisos Renujal ","CAS7693","PISO AMAZONAS CHERRY 22.5X60 1.89 M2","M2",1.89,"22.5X60","Cerámico","Madera","Café","Mate","No Rectificado"," $409.00 "," $216.40 ",21.90%," $169.00 "," $159.00 "
"Renujal","Master","Pisos ","Pisos Renujal ","CAS100145","FRESNO 26 GRIS 22.5X60 14PZ 1.89M2","M2",1.89,"22.5X60","Cerámico","Madera","Gris","Mate","No Rectificado"," $429.00 "," $226.98 ",16.73%," $189.00 "," $169.00 "
"Renujal","Master","Pisos ","Pisos Renujal ","CAS100137","FRESNO 26 CHERRY 22.5X60 14PZ 1.89M2","M2",1.89,"22.5X60","Cerámico","Madera","Café","Mate","No Rectificado"," $429.00 "," $226.98 ",16.73%," $189.00 "," $169.00 "
"Daltile","Master","Pisos ","Pisos Daltile","GZ3518181P7","GZ35 45x45 Navia Beige 1a. Cal 1.63M2","M2",1.63,"45x45","Cerámico","Marmol","Beige","Brillante","No Rectificado"," $379.00 "," $232.52 ",18.72%," $189.00 "," $179.00 "
"Daltile","Master","Pisos ","Pisos Daltile","GZ3618181P7","GZ36 45x45 Navia Gris 1a. Cal 1.63M2","M2",1.63,"45x45","Cerámico","Marmol","Gris","Brillante","No Rectificado"," $379.00 "," $232.52 ",18.72%," $189.00 "," $179.00 "
"Daltile","Master","Pisos ","Pisos Daltile","ZLC018181P7","ZLC0 45x45 Lucca Bianco 1a Cal 1.63M2","M2",1.63,"45x45","Cerámico","Marmol","Blanco","Brillante","No Rectificado"," $379.00 "," $232.52 ",18.72%," $189.00 "," $179.00 "
"Renujal","Master","Pisos ","Pisos Renujal ","CAS10024503","CALI 66 IVORY 60X60 5 PZS 1.80M2","M2",1.8,"60X60","Cerámico","Piedra","Beige","Mate","No Rectificado"," $409.00 "," $227.22 ",16.82%," $189.00 "," $179.00 "
"Vitromex","Master","Pisos ","Pisos Vitromex",520256251026151,"PISO ROMA ARENA 20.1X20.1 CM 1.53 M2 CAJA","M2",1.53,"20.1x20.1","Cerámico","Marmol","Beige","Mate","No Rectificado"," $369.00 "," $241.18 ",17.49%," $199.00 "," $-   "
"Vitromex","Master","Pisos ","Pisos Vitromex",521821408011151,"PISO PERLAGE GRIS 20.1X20.1 CM 1.53 M2/CAJA","M2",1.53,"20.1x20.1","Cerámico","Marmol","Gris","Mate","No Rectificado"," $389.00 "," $254.25 ",21.73%," $199.00 "," $-   "
"Vitromex","Master","Pisos ","Pisos Vitromex",521106090564351,"PISO ALASKA BLACKBURN 45X45CM 1.62M2 CAJA","M2",1.62,"45x45","Cerámico","Piedra","Negro","Mate","No Rectificado"," $389.00 "," $240.12 ",17.13%," $199.00 "," $-   "
"Vitromex","Master","Pisos ","Pisos Vitromex",521666090473021,"PISO MAYA MULTICOLOR 45X45 CM 1.62 M2 CAJA","M2",1.62,"45x45","Cerámico","Piedra","Café","Mate","No Rectificado"," $389.00 "," $240.12 ",17.13%," $199.00 "," $-   "
"Vitromex","Master","Pisos ","Pisos Vitromex",522610090056021,"PISO SENA MARFIL 45X45 CM 1.62 M2/CAJA","M2",1.62,"45x45","Cerámico","Piedra","Café","Mate","No Rectificado"," $409.00 "," $252.47 ",21.18%," $199.00 "," $-   "
"Vitromex","Master","Pisos ","Pisos Vitromex",522607279011201,"PISO PETRERA GRIS 55.5X55.5 CM 1.54 M2/CAJA","M2",1.54,"55.5x55.5","Cerámico","Granito","Gris","Mate","No Rectificado"," $369.00 "," $239.61 ",16.95%," $199.00 "," $-   "
"Renujal","Master","Pisos ","Pisos Renujal ","CAS10024505","CALI 66 GREY 60X60 5 PZS 1.80M2","M2",1.8,"60X60","Cerámico","Piedra","Gris","Mate","No Rectificado"," $409.00 "," $227.22 ",12.42%," $199.00 "," $179.00 "
"Renujal","Master","Pisos ","Pisos Renujal ","CAS10024504","CALI 66 WHITE 60X60 5 PZS 1.80M2","M2",1.8,"60X60","Cerámico","Piedra","blanco","Mate","No Rectificado"," $409.00 "," $227.22 ",12.42%," $199.00 "," $179.00 "
"Renujal","Master","Pisos ","Pisos Renujal ","CAS10024501","GEO 66 IVORY 60X60 5 PZS 1.80M2","M2",1.8,"60X60","Cerámico","Marmol","Beige","Mate","No Rectificado"," $409.00 "," $227.22 ",12.42%," $199.00 "," $174.00 "
"Renujal","Master","Pisos ","Pisos Renujal ","CAS10024502","GEO 66 SILVER 60X60 5 PZS 1.80M2","M2",1.8,"60X60","Cerámico","Marmol","Gris","Mate","No Rectificado"," $409.00 "," $227.22 ",12.42%," $199.00 "," $179.00 "
"Renujal","Master","Pisos ","Pisos Renujal ","CAS7691","ACURA 66 GREY 60X60 1.80M2","M2",1.8,"60X60","Cerámico","Piedra","gris","Mate","No Rectificado"," $449.00 "," $249.44 ",20.22%," $199.00 "," $185.00 "
"Renujal","Master","Pisos ","Pisos Renujal ","CAS10024509","CALEDONIA 66 HAYA 60X60 5 PZS 1.80M2","M2",1.8,"60X60","Cerámico","Madera","Beige","Mate","No Rectificado"," $409.00 "," $227.22 ",12.42%," $199.00 "," $185.00 "
"Renujal","Master","Pisos ","Pisos Renujal ","CAS10024508","CALEDONIA 66 ROBLE 60X60 5 PZS 1.80M2","M2",1.8,"60X60","Cerámico","Madera","Café","Mate","No Rectificado"," $409.00 "," $227.22 ",12.42%," $199.00 "," $185.00 "
"Vitromex","Master","Pisos ","Pisos Vitromex",522863279007201,"PISO ARCTIC BLANCO 55.5x55.5 1.54 M2","M2",1.54,"55.5x55.5","Cerámico","Marmol","Blanco","Brillante","No Rectificado"," $389.00 "," $252.60 ",17.26%," $209.00 "," $-   "
"Renujal","Master","Pisos ","Pisos Renujal ","CAS786","TULUM 60 STAR 60X60 5PZ 1.80M2","M2",1.8,"60X60","Cerámico","Piedra","Gris","Mate","No Rectificado"," $499.00 "," $277.22 ",24.61%," $209.00 "," $-   "
"Renujal","Master","Pisos ","Pisos Renujal ","CAS7692","ACURA 66 TERRA 60X60 1.80M2","M2",1.8,"60X60","Cerámico","Piedra","Café","Mate","No Rectificado"," $449.00 "," $249.44 ",20.22%," $199.00 "," $185.00 "
"Renujal","Master","Pisos ","Pisos Renujal ","CAS100154","PISO CERAMICO TRAVERTINO BIANCO 60X60 1.80M2 5PZ","M2",1.8,"60X60","Cerámico","Piedra","blanco","Mate","Recto"," $589.00 "," $327.22 ",36.13%," $209.00 "," $199.00 "
"Renujal","Master","Pisos ","Pisos Renujal ","CAS775","DOLOMITTI 66 IVORY 60X60 5PZ 1.80M2","M2",1.8,"60X60","Cerámico","Piedra","Beige","Mate","No Rectificado"," $499.00 "," $277.22 ",24.61%," $209.00 "," $209.00 "
"Renujal","Master","Pisos ","Pisos Renujal ","CAS774","DOLOMITTI 66 BLACK 60X60 5PZ 1.80M2","M2",1.8,"60X60","Cerámico","Piedra","Negro","Mate","No Rectificado"," $529.00 "," $293.89 ",28.54%," $210.00 "," $199.00 "
"Vitromex","Master","Pisos ","Pisos Vitromex",521938251743151,"PISO VERONA GREY 20.1X20.1 CM 1.53 M2/CAJA","M2",1.53,"20.1x20.1","Cerámico","Piedra","Gris","Mate","No Rectificado"," $399.00 "," $260.78 ",16.02%," $219.00 "," $-   "
"Vitromex","Master","Pisos ","Pisos Vitromex",520090251011151,"PISO MONACO GRIS 20.1X20.1 CM 1.53 M2/CAJA","M2",1.53,"20.1x20.1","Cerámico","Madera","Gris","Mate","No Rectificado"," $399.00 "," $260.78 ",16.02%," $219.00 "," $-   "
"Vitromex","Master","Pisos ","Pisos Vitromex",520090251715151,"PISO MONACO CAFE 20.1X20.1 CM 1.53 M2/CAJA","M2",1.53,"20.1x20.1","Cerámico","Madera","Café","Mate","No Rectificado"," $399.00 "," $260.78 ",16.02%," $219.00 "," $-   "
"Vitromex","Master","Pisos ","Pisos Vitromex",520432251011151,"PISO LISBOA GRIS 20.1X20.1 CM 1.53 M2/CAJA","M2",1.53,"20.1x20.1","Cerámico","Marmol","Gris","Mate","No Rectificado"," $399.00 "," $260.78 ",16.02%," $219.00 "," $-   "
"Vitromex","Master","Pisos ","Pisos Vitromex",520432251722151,"PISO LISBOA ALMENDRA 20.1X20.1 CM 1.53 M2/CAJA","M2",1.53,"20.1x20.1","Cerámico","Marmol","Beige","Mate","No Rectificado"," $399.00 "," $260.78 ",16.02%," $219.00 "," $-   "
"Vitromex","Master","Pisos ","Pisos Vitromex",521172251028151,"PISO LEMAT BEIGE 20.1X20.1 CM 1.53 M2 CAJA","M2",1.53,"20.1x20.1","Cerámico","Piedra","Beige","Mate","No Rectificado"," $409.00 "," $267.32 ",18.08%," $219.00 "," $-   "
"Vitromex","Master","Pisos ","Pisos Vitromex",522023251315151,"TESSUTI MIX 20.1X20.1 1.53M2","M2",1.53,"20.1x20.1","Cerámico","Piedra","Café","Mate","No Rectificado"," $399.00 "," $260.78 ",16.02%," $219.00 "," $-   "
"Vitromex","Master","Pisos ","Pisos Vitromex",522623279010201,"PISO RODANO HUESO 55.5X55.5 CM 1.54 M2/CAJA","M2",1.54,"55.5x55.5","Cerámico","Marmol","Beige","Brillante","No Rectificado"," $409.00 "," $265.58 ",17.54%," $219.00 "," $-   "
"Vitromex","Master","Pisos ","Pisos Vitromex","522786279028201LOTE","PISO NOVARA BEIGE 55.5X55.5 CM 1.54 M2 CAJA","M2",1.54,"55.5x55.5","Cerámico","Marmol","Beige","Brillante","No Rectificado"," $409.00 "," $265.58 ",17.54%," $219.00 "," $-   "
"Vitromex","Master","Pisos ","Pisos Vitromex",522786279292201,"PISO NOVARA GRIGIO 55.5X55.5 CM 1.54 M2 CAJA","M2",1.54,"55.5x55.5","Cerámico","Marmol","Gris","Brillante","No Rectificado"," $409.00 "," $265.58 ",17.54%," $219.00 "," $-   "
"Vitromex","Master","Pisos ","Pisos Vitromex",522786279669201,"PISO NOVARA NUBE 55.5X55.55 1.54 M2 CAJA","M2",1.54,"55.5x55.55","Cerámico","Marmol","Blanco","Brillante","No Rectificado"," $409.00 "," $265.58 ",17.54%," $219.00 "," $-   "
"Vitromex","Master","Pisos ","Pisos Vitromex",521957143683011,"PISO BOUTIQUE CEMENTO 60.5X60.5 CM 1.83 M2","M2",1.83,"60.5x60.5","Cerámico","Cemento","Gris","Mate","No Rectificado"," $479.00 "," $261.75 ",16.33%," $219.00 "," $-   "
"Vitromex","Master","Pisos ","Pisos Vitromex",521817143007011,"PISO MARMARA BLANCO 60.5X60.5 CM 1.83 M2/CAJA","M2",1.83,"60.5x60.5",,"Marmol","Blanco","Mate","No Rectificado"," $489.00 "," $267.21 ",18.04%," $219.00 "," $-   "
"Renujal","Master","Pisos ","Pisos Renujal ","CAS769","VOSS 66 IVORY 60X60 5PZ 1.80M2","M2",1.8,"60X60","Cerámico","Cemento","Beige","Mate","No Rectificado"," $499.00 "," $277.22 ",21.00%," $219.00 "," $205.00 "
"Vitromex","Master","Pisos ","Pisos Vitromex",522125413779351,"PISO AMAZONIAN CAVE 18X60.6 CM 1.64 M2/CAJA","M2",1.64,"18x60.6","Cerámico","Madera","Beige","Mate","No Rectificado"," $449.00 "," $273.78 ",16.36%," $229.00 "," $-   "
"Vitromex","Master","Pisos ","Pisos Vitromex",522125413778351,"PISO AMAZONIAN RIVER 18X60.6 CM 1.64 M2/CAJA TE","M2",1.64,"18x60.6","Cerámico","Madera","Beige","Mate","No Rectificado"," $449.00 "," $273.78 ",16.36%," $229.00 "," $-   "
"Vitromex","Master","Pisos ","Pisos Vitromex",520721428007031,"MURO OSLO BLANCO 35.7X50.2 CM 1.79 M2/CAJA","M2",1.79,"35.7x50.2","Cerámico","Monocolor","Blanco","Brillante","No Rectificado"," $499.00 "," $278.77 ",17.85%," $229.00 "," $-   "
"Vitromex","Master","Pisos ","Pisos Vitromex",522785143478011,"PISO MARSALA ANTRACITA 60.5X60.5 CM 1.83 M2/CAJA","M2",1.83,"60.5x60.5","Cerámico","Marmol","Gris","Brillante","No Rectificado"," $509.00 "," $278.14 ",17.67%," $229.00 "," $-   "
"Vitromex","Master","Pisos ","Pisos Vitromex",522785143912011,"PISO MARSALA NIEVE 60.5X60.5 CM 1.83 M2/CAJA","M2",1.83,"60.5x60.5","Cerámico","Marmol","Blanco","Brillante","No Rectificado"," $509.00 "," $278.14 ",17.67%," $229.00 "," $-   "
"Vitromex","Master","Pisos ","Pisos Vitromex",522901143016011,"PISO KAISER BR NEGRO 60.5X60.5 CM 1.83 M2/CAJA","M2",1.83,"60.5x60.5","Cerámico","Marmol","Negro","Brillante","No Rectificado"," $529.00 "," $289.07 ",20.78%," $229.00 "," $-   "
"Vitromex","Master","Pisos ","Pisos Vitromex",522837260016271,"PISO EDIMBURGO NEGRO 60 CM X120 CM 1.44 M2/CAJA PUL Y RECT","M2",1.44,"60x120","Porcelánico","Marmol","Negro","Pulido","Rectificado"," $779.00 "," $540.97 ",18.85%," $439.00 "," $-   "
"Vitromex","Master","Pisos ","Pisos Vitromex",522785417026201,"PISO MARSALA ARENA 62.1X62.1 CM 1.93M2","M2",1.83,"62.1x62.1","Cerámico","Marmol","Beige","Brillante","No Rectificado"," $509.00 "," $278.14 ",17.67%," $229.00 "," $199.00 "
"Vitromex","Master","Pisos ","Pisos Vitromex",522785417912201,"PISO MARSALA NIEVE 62.1X62.1CM 1.93M2","M2",1.93,"62.1x62.1","Cerámico","Marmol","Blanco","Brillante","No Rectificado"," $529.00 "," $274.09 ",16.45%," $229.00 "," $-   "
"Renujal","Master","Pisos ","Pisos Renujal ","CAS768","DOM WHITE SATINADO 60X60 5PZ 1.80M2","M2",1.8,"60X60","Cerámico","Marmol","blanco","Satinado","No Rectificado"," $529.00 "," $293.89 ",22.08%," $229.00 "," $206.00 "
"Renujal","Master","Pisos ","Pisos Renujal ","CAS771","DOLOMITTI 66 GRAY 60X60 5PZ 1.80M2","M2",1.8,"60X60","Cerámico","Piedra","Gris","Mate","No Rectificado"," $499.00 "," $277.22 ",17.39%," $229.00 "," $209.00 "
"Renujal","Master","Pisos ","Pisos Renujal ","CAS777","MYST 66 GRAY 60X60 5PZ 1.80M2","M2",1.8,"60X60","Cerámico","Piedra","Gris","Estructurado","No Rectificado"," $529.00 "," $293.89 ",22.08%," $229.00 "," $215.00 "
"Daltile","Master","Pisos ","Pisos Daltile","GSS11224RC1P7","GSS1 30 cm x 60 cm Rect. Sandstone Beige 1a. Cal 1.44M2","M2",1.44,"30x60","Cerámico","Piedra","Beige","Mate","Rectificado"," $569.00 "," $395.14 ",42.05%," $229.00 "," $219.00 "
"Daltile","Master","Pisos ","Pisos Daltile","ZKL615151P7","ZKL6 37 cm x 37 cm Kalei Retro Black 1a. Cal 2.11M2","M2",2.11,"37x37","Cerámico","Geométrico","Negro","Mate","No Rectificado"," $559.00 "," $264.93 ",13.56%," $229.00 "," $219.00 "
"Daltile","Master","Pisos ","Pisos Daltile","ZAA715151P7","ZAA7 37cm x 37 cm Alpha Gris 1a. Cal 2.11M2","M2",2.11,"37x37","Cerámico","Monocolor","Gris","Mate","No Rectificado"," $559.00 "," $264.93 ",13.56%," $229.00 "," $219.00 "
"Daltile","Master","Pisos ","Pisos Daltile","ZAA515151P7","ZAA5 37 cm x 37 cm Alpha Rojo 1a. Cal 2.11M2","M2",2.11,"37x37","Cerámico","Monocolor","Rojo","Mate","No Rectificado"," $559.00 "," $264.93 ",13.56%," $229.00 "," $219.00 "
"Daltile","Master","Pisos ","Pisos Daltile","ZCN815151P7","ZCN8 37 cm x 37 cm Colonial Elena 1a. Cal. 2.11M2","M2",2.11,"37x37","Cerámico","Geométrico","Multicolor","Mate","No Rectificado"," $559.00 "," $264.93 ",13.56%," $229.00 "," $219.00 "
"Daltile","Master","Pisos ","Pisos Daltile","ZCN915151P7","ZCN9 37 cm x 37 cm Colonial Frida 1a. Cal 2.11M2","M2",2.11,"37x37","Cerámico","Geométrico","Multicolor","Mate","No Rectificado"," $559.00 "," $264.93 ",13.56%," $229.00 "," $219.00 "
"Daltile","Master","Pisos ","Pisos Daltile","ZLM215151P7","ZLM2 37cm x 37 cm Lumiere Blanco 1a. Cal 2.11M2","M2",2.11,"37x37","Cerámico","Geométrico","Blanco","Mate","No Rectificado"," $559.00 "," $264.93 ",13.56%," $229.00 "," $219.00 "
"Daltile","Master","Pisos ","Pisos Daltile","ZCA52424C1P7","ZCA5 60.5 cm x 60.5 cm Cantabria Avorio 1a. Cal 1.82M2","M2",1.82,"60.5x60.5","Cerámico","Piedra","Beige","Mate","No Rectificado"," $659.00 "," $362.09 ",36.76%," $229.00 "," $219.00 "
"Renujal","Master","Pisos ","Pisos Renujal ","CAS785","TULUM 60 SAND 60X60 5PZ 1.80M2","M2",1.8,"60X60","Cerámico","Piedra","Beige","Mate","No Rectificado"," $499.00 "," $277.22 ",17.39%," $229.00 "," $219.00 "
"Vitromex","Master","Pisos ","Pisos Vitromex",520224251007151,"PISO MALIBU-AD BLANCO 20.1X20.1 CM 1.53 M2 CAJA","M2",1.53,"20.1x20.1","Cerámico","Monocolor","Blanco","Brillante","No Rectificado"," $439.00 "," $286.93 ",16.70%," $239.00 "," $-   "
"Vitromex","Master","Pisos ","Pisos Vitromex",522915408067151,"PISO SPRITZ WHITE 20.1X20.1CM 1.53 M2","M2",1.53,"20.1x20.1","Cerámico","Monocolor","Blanco","Mate","No Rectificado"," $439.00 "," $286.93 ",16.70%," $239.00 "," $-   "
"Vitromex","Master","Pisos ","Pisos Vitromex",522915408156151,"PISO SPRITZ BLACK 20.1x20.1CM 1.53 M2","M2",1.53,"20.1x20.1","Cerámico","Monocolor","Negro","Mate","No Rectificado"," $439.00 "," $286.93 ",16.70%," $239.00 "," $-   "
"Vitromex","Master","Pisos ","Pisos Vitromex",522841143931201,"PISO ALPINO BR ORO 60.5x60.5 CM 1.83 M2/CAJA","M2",1.83,"60.5x60.5","Cerámico","Marmol","Blanco","Brillante","No Rectificado"," $529.00 "," $289.07 ",17.32%," $239.00 "," $-   "
"Renujal","Master","Pisos ","Pisos Renujal ","CAS776","MYST 66 BLACK 60X60 5PZ 1.80M2","M2",1.8,"60X60","Cerámico","Piedra","Negro","Estructurado","No Rectificado"," $499.00 "," $277.22 ",13.79%," $239.00 "," $209.00 "
"Renujal","Master","Pisos ","Pisos Renujal ","CAS772","DOM WHITE BRILLO 60X60 5PZ 1.80M2","M2",1.8,"60X60","Cerámico","Marmol","blanco","Brillo","No Rectificado"," $589.00 "," $327.22 ",26.96%," $239.00 "," $216.00 "
"Renujal","Master","Pisos ","Pisos Renujal ","CAS1411","PISO CIPRIANI GREY 30X60 11PZ 1.98 M2","M2",1.98,"30X60","Cerámico","Piedra","gris","Mate","Rectificado"," $596.00 "," $301.01 ",20.60%," $239.00 "," $229.00 "
"Daltile","Master","Pisos ","Pisos Daltile","ZA612424RC1P7","ZA61 60x60 cm Rect. Aurora Bianco 1a. Cal 1.8M2","M2",1.8,"60x60","Cerámico","Marmol","Blanco","Mate","Rectificado"," $549.00 "," $305.00 ",21.64%," $239.00 "," $229.00 "
"Daltile","Master","Pisos ","Pisos Daltile","ZLC02424RC1P7","ZLC0 60 cm x 60 cm Rect. Lucca Bianco 1a. Cal. 1.8M2","M2",1.8,"60x60","Cerámico","Marmol","Blanco","Brillante","Rectificado"," $569.00 "," $316.11 ",21.23%," $249.00 "," $239.00 "
"Vitromex","Master","Pisos ","Pisos Vitromex",521424411124031,"MURO MEDITERRANEO AZUL 28X60 CM 1.68 M2/CAJA 10 PZ","M2",1.68,"28x60","Cerámico","Monocolor","Azul","Brillante","No Rectificado"," $519.00 "," $308.93 ",16.16%," $259.00 "," $-   "
"Vitromex","Master","Pisos ","Pisos Vitromex",521424411007031,"MURO MEDITERRANEO BLANCO 28X60 CM 1.68 M2/CAJA 10 PZ","M2",1.68,"28x60","Cerámico","Monocolor","Blanco","Brillante","No Rectificado"," $519.00 "," $308.93 ",16.16%," $259.00 "," $-   "
"Vitromex","Master","Pisos ","Pisos Vitromex",521424411125031,"MURO MEDITERRANEO CREMA 28X60 CM 1.68 M2/CAJA 10 PZ","M2",1.68,"28x60","Cerámico","Monocolor","Crema","Brillante","No Rectificado"," $519.00 "," $308.93 ",16.16%," $259.00 "," $-   "
"Vitromex","Master","Pisos ","Pisos Vitromex",521424411011031,"MURO MEDITERRANEO GRIS 28X60 CM 1.68 M2/CAJA 10 PZ","M2",1.68,"28x60","Cerámico","Monocolor","Gris","Brillante","No Rectificado"," $519.00 "," $308.93 ",16.16%," $259.00 "," $-   "
"Vitromex","Master","Pisos ","Pisos Vitromex",521424411016031,"MURO MEDITERRANEO NEGRO 28X60 CM 1.68 M2/CAJA 10 PZ","M2",1.68,"28x60","Cerámico","Monocolor","Negro","Brillante","No Rectificado"," $519.00 "," $308.93 ",16.16%," $259.00 "," $-   "
"Vitromex","Master","Pisos ","Pisos Vitromex",521424411098031,"MURO MEDITERRANEO VERDE 28X60 CM 1.68 M2/CAJA 10 PZ","M2",1.68,"28x60","Cerámico","Monocolor","Verde","Brillante","No Rectificado"," $519.00 "," $308.93 ",16.16%," $259.00 "," $-   "
"Vitromex","Master","Pisos ","Pisos Vitromex",522533143067011,"PISO NAPA BR WHITE 60X60 CM 1.8 M2/CAJA RECT","M2",1.8,"60x60","Cerámico","Marmol","Blanco","Brillante","Rectificado"," $569.00 "," $316.11 ",18.07%," $259.00 "," $-   "
"Daltile","Master","Pisos ","Pisos Daltile","GLD4848RB1P7","GLD4 20 cm x 120 Rect. Legend Brown 1a. Cal 1.19M2","M2",1.19,"20x120","Cerámico","Madera","Café","Mate","Rectificado"," $549.00 "," $461.34 ",15.68%," $389.00 "," $379.00 "
"Renujal","Master","Pisos ","Pisos Renujal ","CAS9407","PISO MADEIRA 32 COFFE 30X120 1.76 M2","M2",1.76,"30X120","Cerámico","Madera","Café","Estructurado","Rectificado"," $599.00 "," $340.34 ",20.96%," $269.00 "," $249.00 "
"Renujal","Master","Pisos ","Pisos Renujal ","CAS9408","PISO MADEIRA 32 SAND 30X120 1.76 M2","M2",1.76,"30X120","Cerámico","Madera","Beige","Estructurado","Rectificado"," $599.00 "," $340.34 ",20.96%," $269.00 "," $249.00 "
"Renujal","Master","Pisos ","Pisos Renujal ","CAS100147","PISO BLUES CAFE 60X120 1.42M2","M2",1.42,"60X120","Cerámico","Madera","Café","Mate","Rectificado"," $529.00 "," $372.54 ",30.48%," $259.00 "," $249.00 "
"Renujal","Master","Pisos ","Pisos Renujal ","CAS100134","PISO VOLCANO OXFORD 60X120 2PZ 1.42M2","M2",1.42,"60X120","Cerámico","Piedra","gris","Mate","Rectificado"," $559.00 "," $393.66 ",34.21%," $259.00 "," $259.00 "
"Vitromex","Master","Pisos ","Pisos Vitromex",522065143011011,"PISO BERNAL GRIS 60.5X60.5 CM 1.83 M2/CAJA","M2",1.83,"60.5x60.5","Cerámico","Cantera","Gris","Mate","No Rectificado"," $589.00 "," $321.86 ",16.42%," $269.00 "," $-   "
"Vitromex","Master","Pisos ","Pisos Vitromex",522065143567011,"PISO BERNAL GRAFITO 60.5x60.5 CM 1.83 M2/CAJA","M2",1.83,"60.5x60.5","Cerámico","Cantera","Gris","Mate","No Rectificado"," $589.00 "," $321.86 ",16.42%," $269.00 "," $-   "
"Renujal","Master","Pisos ","Pisos Renujal ","CAS9409","PISO MADEIRA 32 SILVER 30X120 1.76 M2","M2",1.76,"30X120","Cerámico","Madera","Gris","Estructurado","Rectificado"," $599.00 "," $340.34 ",20.96%," $269.00 "," $249.00 "
"Renujal","Master","Pisos ","Pisos Renujal ","CAS94010","PISO RECT NORUEGA 22 GRIS 20X120 1.83M2","M2",1.83,"20X120","Cerámico","Madera","Gris","Mate","Rectificado"," $629.00 "," $343.72 ",24.65%," $259.00 "," $249.00 "
"Renujal","Master","Pisos ","Pisos Renujal ","CAS100133","PISO VOLCANO GREY 60X120 2PZ 1.42M2","M2",1.42,"60X120","Cerámico","Piedra","Gris","Mate","Rectificado"," $559.00 "," $393.66 ",34.21%," $259.00 "," $229.00 "
"Renujal","Master","Pisos ","Pisos Renujal ","CAS100123","PISO MOON SILVER 60X120 2PZ 1.42M2","M2",1.42,"60X120","Cerámico","Piedra","Gris","Mate","Rectificado"," $559.00 "," $393.66 ",31.67%," $269.00 "," $259.00 "
"Vitromex","Master","Pisos ","Pisos Vitromex",522065441011481,"PISO BERNAL GRIS 51X102 1.57 M2","M2",1.57,"51x102","Cerámico","Cantera","Gris","Mate","No Rectificado"," $529.00 "," $336.94 ",17.20%," $279.00 "," $-   "
"Vitromex","Master","Pisos ","Pisos Vitromex",522065441567481,"PISO BERNAL GRAFITO 51X102 1.57 M2","M2",1.57,"51x102","Cerámico","Cantera","Gris","Mate","No Rectificado"," $529.00 "," $336.94 ",17.20%," $279.00 "," $-   "
"Vitromex","Master","Pisos ","Pisos Vitromex",522837438016271,"PISO EDIMBURGO NEGRO 80 CM X160 CM 2.56 M2/CAJA PUL Y RECT","M2",2.56,"80x160","Porcelánico","Marmol","Negro","Pulido","Rectificado"," $1,899.00 "," $741.80 ",20.60%," $589.00 "," $-   "
"Vitromex","Master","Pisos ","Pisos Vitromex",520012403294211,"PISO MONET CEDRO 16.5X100 CM 0.99 M2/CAJA RECTIFICADO","M2",0.99,"16.5x100","Cerámico","Madera","Café","Mate","Rectificado"," $359.00 "," $362.63 ",20.30%," $289.00 "," $-   "
"Vitromex","Master","Pisos ","Pisos Vitromex",520012403284931,"PISO MONET HAYA 16.5X100 1.49 M2 CTDO Y RECTIFICADO","M2",1.49,"16.5x100","Cerámico","Madera","Beige","Mate","Rectificado"," $539.00 "," $361.74 ",20.11%," $289.00 "," $-   "
"Vitromex","Master","Pisos ","Pisos Vitromex",520012403027931,"PISO MONET NOGAL 16.5X100 1.49 M2 RECT","M2",1.49,"16.5x100","Cerámico","Madera","Beige","Mate","Rectificado"," $539.00 "," $361.74 ",20.11%," $289.00 "," $-   "
"Vitromex","Master","Pisos ","Pisos Vitromex",520012403810931,"PISO MONET CENIZA 16.5X100 1.49 M2 CTDO Y RECTIFICADO","M2",1.49,"16.5x100","Cerámico","Madera","Gris","Mate","Rectificado"," $539.00 "," $361.74 ",20.11%," $289.00 "," $-   "
"Vitromex","Master","Pisos ","Pisos Vitromex",520012402294921,"PISO MONET CEDRO 25X100 2.25 M2 RECTIFICADO","M2",2.25,"25x100","Cerámico","Madera","Café","Mate","Rectificado"," $809.00 "," $359.56 ",19.62%," $289.00 "," $-   "
"Vitromex","Master","Pisos ","Pisos Vitromex",520012402027921,"PISO MONET NOGAL 25X100 2.25 M2 RECTIFICADO","M2",2.25,"25x100","Cerámico","Madera","Beige","Mate","Rectificado"," $809.00 "," $359.56 ",19.62%," $289.00 "," $-   "
"Vitromex","Master","Pisos ","Pisos Vitromex",520012402810921,"PISO MONET CENIZA 25X100 2.25 M2 RECTIFICADO","M2",2.25,"25x100","Cerámico","Madera","Gris","Mate","Rectificado"," $809.00 "," $359.56 ",19.62%," $289.00 "," $-   "
"Vitromex","Master","Pisos ","Pisos Vitromex",520012402284921,"PISO MONET HAYA 25X100 2.25 M2 RECTIFICADO","M2",2.25,"25x100","Cerámico","Madera","Beige","Mate","Rectificado"," $809.00 "," $359.56 ",19.62%," $289.00 "," $-   "
"Vitromex","Master","Pisos ","Pisos Vitromex",522514254282681,"PISO SAN GABRIEL GRAY 50X100 CM 1.5 M2/CAJA RECT","M2",1.5,"50x100","Cerámico","Marmol","Gris","Mate","Rectificado"," $539.00 "," $359.33 ",19.57%," $289.00 "," $-   "
"Vitromex","Master","Pisos ","Pisos Vitromex",522370254011481,"PISO AMBERES GRIS 50X100 CM 1.5 M2/CAJA RECT","M2",1.5,"50x100","Cerámico","Marmol","Gris","Mate","Rectificado"," $539.00 "," $359.33 ",19.57%," $289.00 "," $-   "
"Vitromex","Master","Pisos ","Pisos Vitromex",522370254264481,"PISO AMBERES NATURAL 50X100 CM 1.5 M2/CAJA RECT","M2",1.5,"50x100","Cerámico","Marmol","Beige","Mate","Rectificado"," $539.00 "," $359.33 ",19.57%," $289.00 "," $-   "
"Vitromex","Master","Pisos ","Pisos Vitromex",521921254282911,"PISO CHICAGO GRAY 50X100 CM 2.0 M2/CAJA RECTIFICADO","M2",2,"50x100","Cerámico","Cemento","Gris","Mate","Rectificado"," $719.00 "," $359.50 ",19.61%," $289.00 "," $-   "
"Vitromex","Master","Pisos ","Pisos Vitromex",522683254478911,"PISO TOREO ANTRACITA 50X100 CM 2.0 M2/CAJA RECTIFICADO","M2",2,"50x100","Cerámico","Piedra","Gris","Mate","Rectificado"," $739.00 "," $369.50 ",21.79%," $289.00 "," $-   "
"Vitromex","Master","Pisos ","Pisos Vitromex",522515254863911,"PISO SOHO ALBINO 50X100 CM 2.0 M2/CAJA RECTIFICADO","M2",2,"50x100","Cerámico","Piedra","Gris","Mate","Rectificado"," $739.00 "," $369.50 ",21.79%," $289.00 "," $-   "
"Vitromex","Master","Pisos ","Pisos Vitromex",522799254011911,"PISO LIVING GRIS 50X100 CM 2.0 M2/CAJA RECTIFICADO","M2",2,"50x100","Cerámico","Marmol","Gris","Mate","Rectificado"," $739.00 "," $369.50 ",21.79%," $289.00 "," $-   "
"Vitromex","Master","Pisos ","Pisos Vitromex",522513254282911,"PISO SCANNO GRAY 50X100 CM 2.0 M2/CAJA RECTIFICADO","M2",2,"50x100","Cerámico","Piedra","Gris","Mate","Rectificado"," $769.00 "," $384.50 ",24.84%," $289.00 "," $-   "
"Vitromex","Master","Pisos ","Pisos Vitromex",522187254806911,"PISO MONARCA NIEBLA 50X100 CM 2.0 M2/CAJA RECTIFICADO","M2",2,"50x100","Cerámico","Marmol","Gris","Mate","Rectificado"," $729.00 "," $364.50 ",20.71%," $289.00 "," $-   "
"Renujal","Master","Pisos ","Pisos Renujal ","CAS94012","PISO RECT NORUEGA 22 ROBLE 20X120 1.83M2","M2",1.83,"20X120","Cerámico","Madera","Café","Mate","Rectificado"," $629.00 "," $343.72 ",24.65%," $259.00 "," $249.00 "
"Renujal","Master","Pisos ","Pisos Renujal ","CAS94018","PISO YUNN 32 NUEZ 30X120 1.76M2","M2",1.76,"30X120","Cerámico","Madera","Café","Estructurado","Rectificado"," $629.00 "," $357.39 ",27.53%," $259.00 "," $229.00 "
"Renujal","Master","Pisos ","Pisos Renujal ","CAS100118","PISO IBIZA 62 GOLD SATINADO 60X120 2PZ 1.42M2","M2",1.42,"60X120","Cerámico","Marmol","Blanco","Satinado","Rectificado"," $559.00 "," $393.66 ",29.13%," $279.00 "," $249.00 "
"Renujal","Master","Pisos ","Pisos Renujal ","CAS2512","PISO GINZA 62 PEARL 60X120 2 PZ 1.42 M2","M2",1.42,"60X120","Cerámico","Piedra","gris","Estructurado","Rectificado"," $459.00 "," $323.24 ",10.59%," $289.00 "," $249.00 "
"Renujal","Master","Pisos ","Pisos Renujal ","CAS100116","PISO ARES SATINADO 60X120 2PZ 1.42M2","M2",1.42,"60X120","Cerámico","Marmol","blanco","Satinado","Rectificado"," $559.00 "," $393.66 ",29.13%," $279.00 "," $249.00 "
"Renujal","Master","Pisos ","Pisos Renujal ","CAS2510","PISO GRECIA 62 BRILLO 60X120 2PZ 1.42M2","M2",1.42,"60X120","Cerámico","Marmol","blanco","Brillo","Rectificado"," $459.00 "," $323.24 ",10.59%," $289.00 "," $269.00 "
"Renujal","Master","Pisos ","Pisos Renujal ","CAS100194","AMSTERDAM 62 GREY 60X120 2PZ 1.42M2","M2",1.42,"60X120","Cerámico","Piedra","Gris","Mate","Rectificado"," $559.00 "," $393.66 ",26.59%," $289.00 "," $279.00 "
"Renujal","Master","Pisos ","Pisos Renujal ","CAS100195","AMSTERDAM 62 OXFORD 60X120 2PZ 1.42M2","M2",1.42,"60X120","Cerámico","Piedra","Gris","Mate","Rectificado"," $559.00 "," $393.66 ",26.59%," $289.00 "," $279.00 "
"Renujal","Master","Pisos ","Pisos Renujal ","CAS2513","PISO IONIC 62 SILVER 60X120 2PZ 1.42M2","M2",1.42,"60X120","Cerámico","Cemento","gris","Brillo","Rectificado"," $459.00 "," $323.24 ",10.59%," $289.00 "," $279.00 "
"Renujal","Master","Pisos ","Pisos Renujal ","CAS2511","PISO MARSELLA 62 BRILLO 60X120 2 PZS 1.42 M2","M2",1.42,"60X120","Cerámico","Marmol","blanco","Brillo","Rectificado"," $459.00 "," $323.24 ",10.59%," $289.00 "," $259.00 "
"Renujal","Master","Pisos ","Pisos Renujal ","CAS100167","EVOKE 62 BLACK 60X120 2 PZ 1.42 M2","M2",1.42,"60X120","Cerámico","Piedra","Negro","Mate","Rectificado"," $559.00 "," $393.66 ",26.59%," $289.00 "," $269.00 "
"Vitromex","Master","Pisos ","Pisos Vitromex",522715254007911,"PISO MARMARA PL BLANCO 50X100 2 M2","M2",2,"50x100","Cerámico","Marmol","Blanco","Pulido","Rectificado"," $729.00 "," $364.50 ",17.97%," $299.00 "," $-   "
"Vitromex","Master","Pisos ","Pisos Vitromex",522975254125911,"PISO RAFAELLO PL CREMA 50X100 2 M2","M2",2,"50x100","Cerámico","Marmol","Beige","Pulido","Rectificado"," $729.00 "," $364.50 ",17.97%," $299.00 "," $-   "
"Vitromex","Master","Pisos ","Pisos Vitromex",522214254305911,"PISO SOBERANO PL NERO 50X100 2 M2","M2",2,"50x100","Cerámico","Marmol","Negro","Pulido","Rectificado"," $729.00 "," $364.50 ",17.97%," $299.00 "," $-   "
"Vitromex","Master","Pisos ","Pisos Vitromex",522974254021911,"PISO ALPINO PL ORO 50X100 2 M2","M2",2,"50x100","Cerámico","Marmol","Blanco","Pulido","Rectificado"," $729.00 "," $364.50 ",17.97%," $299.00 "," $-   "
"Vitromex","Master","Pisos ","Pisos Vitromex",522975254011911,"PISO RAFAELLO PL GRIS 50X100 2 M2","M2",2,"50x100","Cerámico","Marmol","Gris","Pulido","Rectificado"," $729.00 "," $364.50 ",17.97%," $299.00 "," $-   "
"Vitromex","Master","Pisos ","Pisos Vitromex",522839353007271,"PISO TUNDRA BLANCO 60 CM X 120CM 1.44 M2/CAJA PUL Y RECT","M2",1.44,"60x120","Porcelánico","Marmol","Blanco","Pulido","Rectificado"," $709.00 "," $492.36 ",23.02%," $379.00 "," $-   "
"Vitromex","Master","Pisos ","Pisos Vitromex",522990442067441,"PISO EVANDER WHITE 60x120 1.44 M2 PUL Y RECT","M2",1.44,"60x120","Porcelánico","Marmol","Blanco","Pulido","Rectificado"," $499.00 "," $346.53 ",13.72%," $299.00 "," $289.00 "
"Renujal","Master","Pisos ","Pisos Renujal ","CAS100120","PISO CANTABRIA BEIGE 60X120 2PZ 1.42M2","M2",1.42,"60X120","Cerámico","Piedra","beige","Mate","Rectificado"," $559.00 "," $393.66 ",24.05%," $299.00 "," $259.00 "
"Renujal","Master","Pisos ","Pisos Renujal ","CAS100178","PISO EVOKE GREY 60X120 1.42M2","M2",1.42,"60X120","Cerámico","Piedra","Gris","Mate","Rectificado"," $559.00 "," $393.66 ",26.59%," $289.00 "," $249.00 "
"Renujal","Master","Pisos ","Pisos Renujal ","CAS100188","PISO VOLCANO 62 MARFIL 60X120 2PZ 1.42 M2","M2",1.42,"60X120","Cerámico","Piedra","beige","Mate","Rectificado"," $579.00 "," $407.75 ",29.12%," $289.00 "," $249.00 "
"Renujal","Master","Pisos ","Pisos Renujal ","CAS100189","PISO MINIMAL 62 IVORY 60X120 2PZ 1.42 M2","M2",1.42,"60X120","Cerámico","Piedra","beige","Mate","Rectificado"," $559.00 "," $393.66 ",24.05%," $299.00 "," $269.00 "
"Renujal","Master","Pisos ","Pisos Renujal ","CAS100115","PISO ARES BRILLO 60X120 2PZ 1.42M2","M2",1.42,"60X120","Cerámico","Marmol","blanco","Brillo","Rectificado"," $559.00 "," $393.66 ",24.05%," $299.00 "," $269.00 "
"Renujal","Master","Pisos ","Pisos Renujal ","CAS100207","PISO MINIMAL 62 SILVER 60X120 2PZ 1.42 M2","M2",1.42,"60X120","Cerámico","Piedra","Gris","Mate","Rectificado"," $579.00 "," $407.75 ",26.67%," $299.00 "," $259.00 "
"Renujal","Master","Pisos ","Pisos Renujal ","CAS100121","PISO MOON IVORY 60X120 2PZ 1.42M2","M2",1.42,"60X120","Cerámico","Piedra","Beige","Mate","Rectificado"," $559.00 "," $393.66 ",24.05%," $299.00 "," $285.00 "
"Renujal","Master","Pisos ","Pisos Renujal ","CAS100218","PISO PIETRA 62 GRIGIO 60X120 2PZ 1.42 M2","M2",1.42,"60X120","Cerámico","Marmol","Gris","Mate","Rectificado"," $559.00 "," $393.66 ",24.05%," $299.00 "," $279.00 "
"Vitromex","Master","Pisos ","Pisos Vitromex",522991442067441,"PISO TARANTO WHITE 60x120 1.44 M2 PUL Y RECT","M2",1.44,"60x120","Porcelánico","Marmol","Gris","Pulido","Rectificado"," $499.00 "," $346.53 ",13.72%," $299.00 "," $-   "
"Vitromex","Master","Pisos ","Pisos Vitromex",522834254567711,"PISO ATACAMA GRAFITO 50X100 CM 1.5 M2/CAJA RECTIFICADO 36 CAJAS","M2",1.5,"50x100","Cerámico","Piedra","Gris","Mate","Rectificado"," $559.00 "," $372.67 ",17.08%," $309.00 "," $-   "
"Renujal","Master","Pisos ","Pisos Renujal ","CAS100128","PISO 62 PIETRA NERO 60X120 2PZ 1.42M2","M2",1.42,"60X120","Cerámico","Marmol","negro","Mate","Rectificado"," $559.00 "," $393.66 ",21.51%," $309.00 "," $289.00 "
"Castel","Master","Pisos ","Pisos Castel","CAS100172","PISO PORCELANICO THASSOS 120 60X120 1.44M2","M2",1.44,"60X120","Porcelánico","Monocolor","Beige","Pulido","Rectificado"," $984.43 "," $683.63 ",44.56%," $379.00 "," $369.00 "
"Daltile","Master","Pisos ","Pisos Daltile","ZMS62424RC1P7","ZMS6 60 cm x 60 cm Rect. Magnus Black 1a. Cal 1.80M2","M2",1.8,"60x60","Cerámico","Piedra","Negro","Mate","Rectificado"," $629.00 "," $349.44 ",11.57%," $309.00 "," $299.00 "
"Castel","Master","Pisos ","Pisos Castel","CAS100273","PISO CARRARA GOLD PL 60X120 1.44M2","M2",1.44,"60X120","Porcelánico","Marmol","blanco","Pulido","Rectificado"," $984.43 "," $683.63 ",53.34%," $319.00 ",
"Castel","Master","Pisos ","Pisos Castel","CAS10074","KAPLAN 60X120 2PZ (1.44m2)V.P.","M2",1.44,"60X120","Porcelánico","Marmol","Negro","Mate","Rectificado"," $984.43 "," $683.63 ",47.49%," $359.00 "," $349.00 "
"Castel","Master","Pisos ","Pisos Castel","CAS10088","PISO BUSAN MATE WHITE 60X120 1.44M2","M2",1.44,"60X120","Porcelánico","Marmol","blanco","Mate","Rectificado"," $984.43 "," $683.63 ",56.26%," $299.00 "," $289.00 "
"Castel","Master","Pisos ","Pisos Castel","CAS1240","PISO VITRIFICADO PULPIS GREY 60X60 1.44 M2","M2",1.44,"60X60","Porcelánico","Marmol","Gris","Pulido","Rectificado"," $879.89 "," $611.03 ",49.43%," $309.00 "," $299.00 "
"Daltile","Master","Pisos ","Pisos Daltile","GSN11320L1P2","GSN1 34 cm X 50 cm Stonefort Gold 1a.Cal. 1.20M2","M2",1.2,"34x50","Cerámico","Piedra","Blanco","Mate","No Rectificado"," $469.00 "," $390.83 ",15.82%," $329.00 "," $319.00 "
"Castel","Master","Pisos ","Pisos Castel","CAS137","PISO PORCELANICO VITRIFICADO DIAMOND CARRARA  60X60 1.44M2","M2",1.44,"60X60","Porcelánico","Marmol","blanco","Pulido","Rectificado"," $879.89 "," $611.03 ",44.52%," $339.00 "," $329.00 "
"Vitromex","Master","Pisos ","Pisos Vitromex",520904419305271,"PISO MILANO NERO 61.2X122.6 CM 1.5 M2/CAJA RECTIFICADO 40 CAJAS","M2",1.5,"61.2x122.6","Cerámico","Marmol","Negro","Mate","Rectificado"," $629.00 "," $419.33 ",19.16%," $339.00 "," $-   "
"Daltile","Master","Pisos ","Pisos Daltile","GA842424RC1P7","GA84 60x60 cm Rect. Amore Carlotta 1a. Cal 1.8M2","M2",1.8,"60x60","Cerámico","Geométrico","Multicolor","Mate","Rectificado"," $699.00 "," $388.33 ",12.70%," $339.00 "," $329.00 "
"Daltile","Master","Pisos ","Pisos Daltile","GA852424RC1P7","GA85 60x60 cm Rect. Amore Julieta 1a. Cal 1.8M2","M2",1.8,"60x60","Cerámico","Geométrico","Multicolor","Mate","Rectificado"," $699.00 "," $388.33 ",12.70%," $339.00 "," $329.00 "
"Castel","Master","Pisos ","Pisos Castel","CAS2113","PISO AMANI PL WHITHE 60X120CM 1.44M2/CAJA","M2",1.44,"60X120","Porcelánico","Monocolor","Beige","Pulido","Rectificado"," $984.43 "," $683.63 ",50.41%," $339.00 ",
"Castel","Master","Pisos ","Pisos Castel","CAS2213","PISO STATUARIO GOLDEN BLANCO 60X120 CAJA 1.44M2","M2",1.44,"60X120","Porcelánico","Marmol","blanco","Pulido","Rectificado"," $984.43 "," $683.63 ",44.56%," $379.00 "," $369.00 "
"Castel","Master","Pisos ","Pisos Castel","CAS2220","PISO PORC.TORONTO WHITE 60X120 CAJA 1.44M2","M2",1.44,"60X120","Porcelánico","Piedra","Gris","Mate","Rectificado"," $984.43 "," $683.63 ",48.95%," $349.00 ",
"Castel","Master","Pisos ","Pisos Castel","CAS2228","PISO TORONTO GRAY 60X120 CAJA 1.44M2","M2",1.44,"60X120","Porcelánico","Piedra","Gris","Mate","Rectificado"," $984.43 "," $683.63 ",48.95%," $349.00 "," $339.00 "
"Castel","Master","Pisos ","Pisos Castel","CAS254794","EVEREST 62 PULIDO  59.5X119.5 3PZ 2.13M2","M2",2.13,"59.5x119.5","Porcelánico","Marmol","Blanco","Pulido","Rectificado"," $859.00 "," $403.29 ",13.46%," $349.00 "," $309.00 "
"Castel","Master","Pisos ","Pisos Castel","CAS254795","CARRARA 62 POLARIS PULIDO  59.5X119.5 3PZ 2.13M2","M2",2.13,"59.5x119.5","Porcelánico","Marmol","Blanco","Pulido","Rectificado"," $859.00 "," $403.29 ",20.90%," $319.00 ",
"Castel","Master","Pisos ","Pisos Castel","CAS254796","THASSOS 62 WHITE PULIDO 59.5X119.5 3PZ 2.13 M2","M2",2.13,"59.5x119.5","Porcelánico","Monocolor","Blanco","Pulido","Rectificado"," $859.00 "," $403.29 ",13.46%," $349.00 "," $339.00 "
"Castel","Master","Pisos ","Pisos Castel","CAS254797","AMANI GREY 59.5X119.5 3PZ 2.13M2","M2",2.13,"59.5x119.5","Porcelánico","Monocolor","Gris ","Pulido","Rectificado"," $859.00 "," $403.29 ",13.46%," $349.00 "," $339.00 "
"Castel","Master","Pisos ","Pisos Castel","CAS3040","PISO SAINT LAURENT NEGRO 60X120 1.44M2","M2",1.44,"60X120","Porcelánico","Marmol","Negro","Pulido","Rectificado"," $1,359.04 "," $943.78 ",45.01%," $519.00 "," $499.00 "
"Castel","Master","Pisos ","Pisos Castel","CAS4040","PISO CARRARA POLARIS PL 60X120CM 1.44M2/CAJA","M2",1.44,"60X120","Porcelánico","Marmol","blanco","Pulido","Rectificado"," $984.43 "," $683.63 ",51.87%," $329.00 ",
"Castel","Master","Pisos ","Pisos Castel","CAS734","PISO WACOM 60X120 1.44 M2","M2",1.44,"60X120","Porcelánico","Marmol","Negro","Pulido","Rectificado"," $1,155.76 "," $802.61 ",40.32%," $479.00 "," $469.00 "
"Castel","Master","Pisos ","Pisos Castel","CAS739","ORCHESTRA GOLD 60X120 1.44 M2","M2",1.44,"60X120","Porcelánico","Marmol","Blanco","Pulido","Rectificado"," $984.43 "," $683.63 ",41.64%," $399.00 "," $389.00 "
"Castel","Master","Pisos ","Pisos Castel","CAS757","AMANI WHITE 60X60 1.44 M2","M2",1.44,"60X60","Porcelánico","Marmol","blanco","Pulido","Rectificado"," $879.89 "," $611.03 ",49.43%," $309.00 ",
"Castel","Master","Pisos ","Pisos Castel","CAS758","AMANI OXFORD 60X60 1.44 M2","M2",1.44,"60X60","Porcelánico","Marmol","Gris","Pulido","Rectificado"," $879.89 "," $611.03 ",49.43%," $309.00 "," $299.00 "
"Castel","Master","Pisos ","Pisos Castel","CAS8794","PISO CASTEL NAPOLES  BEIGE 60X60 1.44M2 4PZAS","M2",1.44,"60X60","Porcelánico","Marmol","Beige","Pulido","Rectificado"," $539.00 "," $374.31 ",38.82%," $229.00 "," $-   "
"Castel","Master","Pisos ","Pisos Castel","CAS886","PISO PORCELANICO REC VITRIFICADO THASSOS 60X60 1.44 M2 CAJA","M2",1.44,"60X60","Porcelánico","Monocolor","Blanco","Pulido","Rectificado"," $879.89 "," $611.03 ",44.52%," $339.00 ",
"Daltile","Master","Pisos ","Pisos Daltile","ZAS81060R1P7","ZAS8 25 cm x 153 cm Rect. Aspen Castaño 1a. Cal. 1.16 M2","M2",1.16,"25x153","Cerámico","Madera","Café","Mate","Rectificado"," $809.00 "," $697.41 ",37.05%," $439.00 ",
"Daltile","Master","Pisos ","Pisos Daltile","GPR11836FRC1P7","GPR1 45 cm x 90 cm Rect Pure Fiore White 1a Cal 1.6M2","M2",1.6,"45x90","Cerámico","Monocolor","Blanco","Mate","Rectificado"," $859.00 "," $536.88 ",16.37%," $449.00 "," $439.00 "
"Castel","Master","Pisos ","Pisos Castel","CAS900","PISO PORC REC STATUARIO MATE 60X60","M2",1.44,"60X60","Porcelánico","Marmol","Blanco","Mate","Rectificado"," $776.74 "," $539.40 ",48.28%," $279.00 "," $-   "
"Castel","Master","Pisos ","Pisos Castel","CAS94016","PISO VENETIAN BLANCO 60X60 1.44M2","M2",1.44,"60X60","Porcelánico","Marmol","Blanco","Pulido","Rectificado"," $675.70 "," $469.24 ",36.28%," $299.00 "," $289.00 "
"Daltile","Master","Pisos ","Pisos Daltile","GGS12448PR1SL","GGS1 59.6 x 119.4 Rect. Galastone Turquoise 1a Cal 1.42m2","M2",1.42,"59.6x119.4","Porcelánico","Piedra","Azul","Pulido","Rectificado"," $809.00 "," $569.72 ",24.70%," $429.00 "," $419.00 "
"Daltile","Master","Pisos ","Pisos Daltile","ZAS61060R1P7","ZAS6 25 cm x 153 cm Rect. Aspen Gris 1a. Cal 1.16 M2","M2",1.16,"25x153","Cerámico","Madera","Gris","Mate","Rectificado"," $809.00 "," $697.41 ",18.41%," $569.00 "," $559.00 "
"Daltile","Master","Pisos ","Pisos Daltile","ZAS51060R1P7","ZAS5 25 cm x 153 cm Rect. Aspen Natural 1a. Cal 1.16 M2","M2",1.16,"25x153","Cerámico","Madera","Beige","Mate","Rectificado"," $809.00 "," $697.41 ",18.41%," $569.00 "," $559.00 "
"Daltile","Master","Pisos ","Pisos Daltile","GMK13264PR1","GMK1 80 CM X 160 CM RECT. MAKIA BLANCO PULIDO 1a. CAL.","M2",2.56,"80x160","Porcelánico","Marmol","Blanco","Pulido","Rectificado"," $2,099.00 "," $819.92 ",20.85%," $649.00 "," $639.00 "
"Daltile","Master","Pisos ","Pisos Daltile","ZAD83264PR1SL","ZAD8 80 cm x 160 cm Rect. Andara Marfil 1a. Cal. 2.56 M2","M2",2.56,"80x160","Porcelánico","Marmol","Beige","Pulido","Rectificado"," $1,899.00 "," $741.80 ",12.51%," $649.00 "," $639.00 "
"Daltile","Master","Pisos ","Pisos Daltile","ZBS432641PD","ZBS4 80 cm X 160 cm Rect.Botanic Sens Green 1a. Cal 2.56M2","M2",2.56,"80x160","Porcelánico","Piedra","Verde","Pulido","Rectificado"," $2,299.00 "," $898.05 ",22.16%," $699.00 "," $689.00 "
"Daltile","Master","Pisos ","Pisos Daltile","ZCG63264PR1SL","ZCG6 80 CM X 160 CM RECT. CARRARA GOLD BLANCO PUL. 1a.","M2",2.56,"80x160","Porcelánico","Marmol","Blanco","Pulido","Rectificado"," $2,099.00 "," $819.92 ",20.85%," $649.00 "," $639.00 "
"Daltile","Master","Pisos ","Pisos Daltile","ZCT63264PR1SL","ZCT6 80 CM X 160 CM RECT. CATALIA IVORY 1a. CAL. 2.56 M2","M2",2.56,"80x160","Porcelánico","Marmol","Beige","Pulido","Rectificado"," $1,899.00 "," $741.80 ",12.51%," $649.00 "," $639.00 "
"Daltile","Master","Pisos ","Pisos Daltile","ZCT73264PR1SL","ZCT7 80 CM X 160 CM RECT. CATALIA LIGHT GRAY 1a. CAL. 2.56 M2","M2",2.56,"80x160","Porcelánico","Marmol","Gris","Pulido","Rectificado"," $1,899.00 "," $741.80 ",12.51%," $649.00 "," $639.00 "
"Daltile","Master","Pisos ","Pisos Daltile","ZCT83264PR1SL","ZCT8 80 CM X 160 CM RECT CATALIA DARK GRAY 1a. CAL. 2.56 M2","M2",2.56,"80x160","Porcelánico","Marmol","Gris","Pulido","Rectificado"," $1,899.00 "," $741.80 ",12.51%," $649.00 "," $639.00 "
"Daltile","Master","Pisos ","Pisos Daltile","ZKT23264PR1SL","ZKT2 80 CM X 160 CM RECT. KATALONIA BEIGE 1a. CAL. 2.52 M2","M2",2.56,"80x160","Porcelánico","Piedra","Beige","Mate","Rectificado"," $1,899.00 "," $741.80 ",13.86%," $639.00 "," $629.00 "
"Daltile","Master","Pisos ","Pisos Daltile","ZMQ132641PD","ZMQ1 80x160 Marquina Negro Rect. 1a. Cal 2.56M2","M2",2.56,"80x160","Porcelánico","Marmol","Negro","Pulido","Rectificado"," $2,449.00 "," $956.64 ",23.80%," $729.00 "," $719.00 "
"Daltile","Master","Pisos ","Pisos Daltile","ZN0924481PD","ZN09 60x120 Rect. Black Marble Black 1a. Cal 1.44M2","M2",1.44,"60x120","Porcelánico","Marmol","Negro","Pulido","Rectificado"," $799.00 "," $554.86 ",17.28%," $459.00 "," $449.00 "
"Daltile","Master","Pisos ","Pisos Daltile","ZS0932641PD","ZS09 80x160 cm. Rect. Silver River Gray 1a. Cal. 2.56M2","M2",2.56,"80x160","Porcelánico","Piedra","Gris","Pulido","Rectificado"," $2,189.00 "," $855.08 ",18.25%," $699.00 "," $689.00 "
"Daltile","Master","Pisos ","Pisos Daltile","ZSS532641PD","ZSS5 80 cm X 160 cm Rect.Sky Sens Blue 1a. Cal. 2.56M2","M2",2.56,"80x160","Porcelánico","Piedra","Azul","Pulido","Rectificado"," $2,299.00 "," $898.05 ",22.16%," $699.00 "," $689.00 "
"Daltile","Master","Pisos ","Malla ceramica","ZA0515HEXMS1P2","ZA05 3.8 Alida1a.Cal. 0.9M2 (12 piezas por caja)","M2",0.9,"29x26","Cerámico","Marmol","Blanco","Mate","No Rectificado"," $899.00 "," $998.89 ",15.01%," $849.00 "," $839.00 "
"Daltile","Master","Pisos ","Malla ceramica","PT2415HEXMS1P2","PT24 3.8 HEX NEGRO MT INFINITO 0.90M2 (12 piezas por caja)","M2",0.9,"29x26","Cerámico","Marmol","Negro","Mate","No Rectificado"," $959.00 "," $1,065.56 ",16.57%," $889.00 "," $879.00 "
"Daltile","Master","Pisos ","Pisos Daltile","ZDL224481PA","ZDL2 60 CM X 120 CM CLAUDEL WHITE PL 1a. CAL. 1.44 M2","M2",1.44,"60x120","Porcelánico","Marmol","Beie","Pulido","Rectificado"," $499.00 "," $346.53 ",13.72%," $299.00 "," $289.00 "
"Daltile","Master","Pisos ","Pisos Daltile","ZVN224481PA","ZVN2 60 CM X 120 CM NUVEM WHITE PULIDO 1a. CAL. 1.44 M2","M2",1.44,"60x120","Porcelánico","Marmol","Blanco","Pulido","Rectificado"," $499.00 "," $346.53 ",13.72%," $299.00 "," $289.00 "
"Renujal","Master","Pisos","Pisos Renujal","CAS251078","CARRARA POLARIS SATIN 59.5X119.5 3PZ 2.13M2 C.C","M2",2.13,"59.5x119.5","Porcelánico","Marmol","Blanco","Satinado","Rectificado"," $619.00 "," $290.61 ",14.32%," $249.00 "," $239.00 "
"Castel","Master","Pisos","Pisos Castel","CAS756","SYMPHONY PL 60X120 1.44 M2","M2",1.44,"60X120","Porcelánico","Marmol","Blanco","Pulido","Pulido"," $984.43 "," $683.63 ",46.02%," $369.00 "," $359.00 "
"Renujal","Master","Pisos","Pisos Renujal","CAS1001216","PISO MOON IVORY 60X120 3PZ 2.13M2","M2",2.13,"60x120","Cerámico","Piedra","Beige","Mate","Rectificado"," $749.00 "," $351.64 ",17.81%," $289.00 "," $279.00 "
"Renujal","Master","Pisos","Pisos Renujal","CAS1001212","PISO IONIC 62 SILVER 60X120 3PZ 2.13M2","M2",2.13,"60x120","Cerámico","Cemento","gris","Brillo","Rectificado"," $749.00 "," $351.64 ",17.81%," $289.00 "," $279.00 "
"Renujal","Master","Pisos","Pisos Renujal","CAS1001348","PISO GRECIA 62 BRILLO 60X120 3PZ 2.13M2","M2",2.13,"60x120","Cerámico","Marmol","blanco","Brillo","Rectificado"," $769.00 "," $361.03 ",19.95%," $289.00 "," $279.00 "
"Renujal","Master","Pisos","Pisos Renujal","CAS1001213","PISO CANTABRIA BEIGE 60X120 3PZ 2.13M2","M2",2.13,"60x120","Cerámico","Piedra","beige","Mate","Rectificado"," $719.00 "," $337.56 ",14.39%," $289.00 "," $249.00 "
"Renujal","Master","Pisos","Pisos Renujal","CAS1001211","PISO MINIMAL 62 IVORY 60X120 3PZ 2.13M2","M2",2.13,"60x120","Cerámico","Piedra","beige","Mate","Rectificado"," $719.00 "," $337.56 ",14.39%," $289.00 "," $259.00 "
"Renujal","Master","Pisos","Pisos Renujal","CAS1001210","PISO MOON SILVER 60X120 3PZ 2.13M2","M2",2.13,"60x120","Cerámico","Piedra","Gris","Mate","Rectificado"," $749.00 "," $351.64 ",20.66%," $279.00 "," $269.00 "
"Renujal","Master","Pisos","Pisos Renujal","CAS1001349","PISO VOLCANO OXFORD 60X120 3PZ 2.13M2","M2",2.13,"60x120","Cerámico","Piedra","gris","Mate","Rectificado"," $749.00 "," $351.64 ",29.19%," $249.00 "," $249.00 "
"Vitromex","Oportunidad","Pisos ","Pisos Vitromex",521499425178901,"PISO ALBA BIANCO 35.7X35.7 1.78 M2","M2",1.78,"35.7x35.7","Cerámico","Marmol","Blanco","Semibrillante","No Rectificado"," $339.00 "," $190.45 ",29.12%," $135.00 "," $-   "
